,date,name,DisplayUnit,mrp
0,2020-05-16 12:05:28,Fresh Rice Organic Thai Hom Mali Rice - Brown,1kg,5.9
1,2020-05-16 12:05:28,Chang Thai Organic Hom Mali Brown Rice ,2kg,10.2
2,2020-05-16 12:05:28,FairPrice Thai Hom Mali Superior Fragrant Rice,1kg,3.55
3,2020-05-16 12:05:28,FairPrice Pakistan Basmati Rice - Briyani,2.5kg,8.9
4,2020-05-16 12:05:28,Erawan Elephant Rice Flour,600g,1.6
5,2020-05-16 12:05:28,Day'O' Glutinous Rice,5kg,13.3
6,2020-05-16 12:05:28,Want Want Rice Crackers - Shelly Senbei (Original),122g,2.65
7,2020-05-16 12:05:28,Narcissus White Rice Vinegar,250ml,0.85
8,2020-05-16 12:05:28,Kee Song Fresh Chicken - Boneless Breast,300g,3.25
9,2020-05-16 12:05:28,FairPrice Pure Cane Sugar - Coarse Grain,2kg,2.95
10,2020-05-16 12:05:28,Pagoda Sea Salt - Fine,500g,0.45
11,2020-05-16 12:05:28,Fantastic Rice Cracker - Original,100g,2.7
12,2020-05-16 12:05:28,Erawan Elephant Glutinous Rice Flour,600g,2.3
13,2020-05-16 12:05:28,Lotus Organic White Rice Flour,500g,8.9
14,2020-05-16 12:05:28,Narcissus White Rice Vinegar,600ml,1.5
15,2020-05-16 12:05:28,RED HOUSE RICEWINE FOR COOKING &#x2d; TAIWAN MICHIU 600ML,600ml,3.6
16,2020-05-16 12:05:28,India Gate - Dubar Basmati Rice,1kg,3.9
17,2020-05-16 12:05:28,Pagoda Mineral Salt - Less Sodium,350g,3.7
18,2020-05-16 12:05:28,Hokto Mushroom - Buna Shimeiji,100g,1.5
19,2020-05-16 12:05:28,Kee Song Fresh Chicken - Whole,1.4kg,7.45
20,2020-05-16 12:05:28,JJW Fried Shallot with Oil,350g,4.5
21,2020-05-16 12:05:28,Kee Song Fresh Lacto Chicken - Boneless Breast,300g,7.6
22,2020-05-16 12:05:28,Taikoo Raw Sugar - Low GI,350g,3.9
23,2020-05-16 12:05:28,Lotus Organic Brown Rice Flour,500g,9.9
24,2020-05-16 12:05:28,SongHe AAA Thai Hom Mali Rice - New Crop,5kg,17.5
25,2020-05-16 12:05:28,FairPrice Thailand Rice - Blend,2.5kg,6.6
26,2020-05-16 12:05:28,Sadia Frozen Whole Chicken Griller,1kg,4.65
27,2020-05-16 12:05:28,Double FP Thai Hom Mali Premium Quality Fragrant Rice,10kg + 1kg,23.65
28,2020-05-16 12:05:28,FairPrice Thailand Rice - White,5kg,5.9
29,2020-05-16 12:05:28,Hokto Mushroom - White Shimeiji,100g,1.5
30,2020-05-16 12:05:28,ALH Special Cooking Rice Wine,380ml,1.85
31,2020-05-16 12:05:28,Pasar Dried Black Glutinous Rice,300g,1.8
32,2020-05-16 12:05:28,Fresh Rice Organic Thai Hom Mali Rice - Mixed Brown,1kg,5.9
33,2020-05-16 12:05:28,JHJ Calrose Rice,4kg,9.9
34,2020-05-16 12:05:28,FairPrice Thailand Rice - Red (Unpolished),2.5kg,9.8
35,2020-05-16 12:05:28,New Moon AAA Jasmine Fragrant Rice ,5kg,8.95
36,2020-05-16 12:05:28,FairPrice India Ponni Rice - Parboiled ,5kg,8.3
37,2020-05-16 12:05:28,Mekong Rice Paper,300G,2.5
38,2020-05-16 12:05:28,Frangosul Frozen Whole Chicken Griller,1kg,4.65
39,2020-05-16 12:05:28,Ayam Brand Coconut Milk - Trim,200ml,0.9
40,2020-05-16 12:05:28,FairPrice Jasmine Fragrant Rice,5kg,8.2
41,2020-05-16 12:05:28,Royal Umbrella Thai Hom Mali Rice,5kg,16.8
42,2020-05-16 12:05:28,Royal Umbrella Thai Hom Mali Rice,10kg,32.8
43,2020-05-16 12:05:28,FairPrice AAA Golden Royal Dragon Thai White Fragrant Rice,5kg,11.15
44,2020-05-16 12:05:28,SongHe AAA Thai Hom Mali Rice,10kg,32.8
45,2020-05-16 12:05:28,FairPrice Thai Hom Mali Superior Fragrant Rice,5kg,13.1
46,2020-05-16 12:05:28,FairPrice Thailand Rice - Fragrant White,5kg,6.85
47,2020-05-16 12:05:28,FairPrice Thailand Rice - Brown (Unpolished),2.5kg,6.1
48,2020-05-16 12:05:28,Double FP Thai Hom Mali Premium Quality Fragrant Rice,5kg,11.9
49,2020-05-16 12:05:28,SongHe AAA Thai Hom Mali Rice,5kg,16.9
50,2020-05-16 12:05:28,Naturel Organic Rice - Mixed Brown and Red,2kg,10.8
51,2020-05-16 12:05:28,Golden Phoenix Rice - Thai Hom Mali,5kg,13.8
52,2020-05-16 12:05:28,FairPrice Thailand Rice - Brown Unpolished,5kg,11.2
53,2020-05-16 12:05:28,Golden Phoenix Rice - Thai Hom Mali,10kg,24.6
54,2020-05-16 12:05:28,Naturel Organic Rice - Brown,2kg,10.8
55,2020-05-16 12:05:28,FairPrice Thailand Rice - Glutinous,2.5kg,6.2
56,2020-05-16 12:05:28,Budget White Rice - Long Grain,5kg,5.8
57,2020-05-16 12:05:28,FairPrice AAA Golden Royal Dragon Thai White Fragrant Rice,2.5kg,5.25
58,2020-05-16 12:05:28,Double FP Thai Hom Mali Premium Quality Fragrant Rice,1kg,3.35
59,2020-05-16 12:05:28,Temasek Gold Basmati Rice ,5kg,21.95
60,2020-05-16 12:05:28,Lee Kum Kee Soy Sauce - Light,500ml,1.8
61,2020-05-16 12:05:28,Tochigi Koshihikari Super Premium Rice,5kg,35.0
62,2020-05-16 12:05:28,Taikoo Natural Cane Sugar - Light Muscovado,350g,2.25
63,2020-05-16 12:05:28,Double Flying King AAA Thai Hom Mali Fragrant White Rice,5kg,13.5
64,2020-05-16 12:05:28,Yamadayakome Orihime Genmai Premium Japanese Brown Rice,1kg,12.9
65,2020-05-16 12:05:28,Shinmei Koshihikari Japanese Rice - Niigata,5kg,40.9
66,2020-05-16 12:05:28,Niigata Uonuma Koshihikari Japanese Rice,5kg,47.0
67,2020-05-16 12:05:28,24 Mantra Organic Idli Rice,1KG,5.67
68,2020-05-16 12:05:28,Flying Man Rice (Fragrant),5kg,16.5
69,2020-05-16 12:05:28,24 Mantra Organic - Basmati White Rice,1kg,7.6
70,2020-05-16 12:05:28,Formosa Round Grain Rice,5kg,18.9
71,2020-05-16 12:05:28,Pasar Organic Asparagus,200g,4.1
72,2020-05-16 12:05:28,Ishinokamaki 100% Japanese White Rice,5kg,38.8
73,2020-05-16 12:05:28,Join Hing King Oyster Mushroom,250g,2.0
74,2020-05-16 12:05:28,Mummys - Gold Basmati Rice,1kg,4.2
75,2020-05-16 12:05:28,Golden Chef 100% Organic Thai Hom Mail Fragrant Rice,2kg,9.0
76,2020-05-16 12:05:28,Origins Healthfood Just Natural Brown Rice - Short Grain,2.5kg,10.0
77,2020-05-16 12:05:28,FairPrice Soya Sauce - Light,660ml,1.85
78,2020-05-16 12:05:28,IL Pum Korean Premium Rice,4kg,25.6
79,2020-05-16 12:05:28,Lucky Bin Bin Rice Crackers,150g,2.1
80,2020-05-16 12:05:28,Daawat - Select Basmathi Rice,5kg,24.0
81,2020-05-16 12:05:28,Ooty- Ponni Rice,5kg,9.45
82,2020-05-16 12:05:28,Daawat Biryani Basmati Rice - By Sonnamera,1kg,6.6
83,2020-05-16 12:05:28,SongHe AAA Thai Hom Mali Rice,1kg,4.2
84,2020-05-16 12:05:28,Riserva Gallo Italian Rice - Arborio (Big Grains),1kg,5.4
85,2020-05-16 12:05:28,Want Want Rice Crackers - Seaweed,136g,2.8
86,2020-05-16 12:05:28,Pasar 3 in 1 Mushroom,250g,5.05
87,2020-05-16 12:05:28,Malika Gold Basmati Rice,2KG,7.05
88,2020-05-16 12:05:28,Wheel & Star Rice Wine,630ml,10.8
89,2020-05-16 12:05:28,Bamboo Hill Organic Thai Fragrant Rice,1kg,6.95
90,2020-05-16 12:05:28,24 Mantra Organic Idly Rice,5KG,20.86
91,2020-05-16 12:05:28,Flying Man Rice (Brown Rice),1kg,5.2
92,2020-05-16 12:05:28,Biona Organic Sweetened Condensed Coconut Milk,210G,6.3
93,2020-05-16 12:05:28,Brilliance Fragrance 43°N Jilin Sushi Rice - Brown,2.5kg,9.9
94,2020-05-16 12:05:28,Bin Bin Rice Crackers - Spicy Seaweed,135g,2.3
95,2020-05-16 12:05:28,LBS Palm Sugar,450g,3.35
96,2020-05-16 12:05:28,Day'O' Ponni Rice,5kg,7.95
97,2020-05-16 12:05:28,Kara UHT Coconut Milk - Light,200ml,0.9
98,2020-05-16 12:05:28,Golden Knife Rice (Jasmine),5kg,8.5
99,2020-05-16 12:05:28,NAKED Organic Coconut Flower Sugar,350 g,6.9
100,2020-05-16 12:05:28,Bin Bin Rice Crackers - Spicy Seaweed,135g,2.3
101,2020-05-16 12:05:28,Day'O' Ponni Rice,5kg,7.95
102,2020-05-16 12:05:28,Chew's Singapore Fresh Eggs - Cage Free,330g (6 per pack),3.2
103,2020-05-16 12:05:28,Golden Knife Rice (Jasmine),5kg,8.5
104,2020-05-16 12:05:28,Tai Hua Light Soy Sauce - Reduced Salt,305ml,2.9
105,2020-05-16 12:05:28,Kinmemai Japanese Rice - Better Brown,1kg,9.8
106,2020-05-16 12:05:28,Hupco Fresh Lemon,500g,4.5
107,2020-05-16 12:05:28,Iwate Akita Japanese White Rice,5kg,36.0
108,2020-05-16 12:05:28,Lee Kum Kee Soy Sauce - Light,500ml,1.8
109,2020-05-16 12:05:28,Ambikas - Sona Masoori Raw Rice,5kg,11.7
110,2020-05-16 12:05:28,Daawat Quick Cooking Brown Basmati Rice - By Sonnamera,1kg,5.5
111,2020-05-16 12:05:28,Taikoo Natural Cane Sugar - Light Muscovado,350g,2.25
112,2020-05-16 12:05:28,Flying Man Rice (Brown Rice),5kg,20.5
113,2020-05-16 12:05:28,Lal Qilla Majestic Extra Long Grain Basmati Rice,1KG,4.0
114,2020-05-16 12:05:28,Golden Chef Organic Thai Hom Mali Brown Rice,2kg,10.25
115,2020-05-16 12:05:28,FairPrice Thai Hom Mali Superior Fragrant Rice,10kg,25.5
116,2020-05-16 12:05:28,Daawat Everyday Gold Basmati Rice,5KG,17.0
117,2020-05-16 12:05:28,Pasar Malaysia Young Ginger,200g,1.6
118,2020-05-16 12:05:28,Pasar Asparagus Fine,120g,1.95
119,2020-05-16 12:05:28,Brilliance Fragrance 43°N Jilin Japonica Rice,2.5kg,12.5
120,2020-05-16 12:05:28,Brilliance Fragrance 43°N Jilin Japonica Rice,5kg,24.5
121,2020-05-16 12:05:28,Absolute Organic Coconut Milk,400G,5.4
122,2020-05-16 12:05:28,Royal Umbrella Thai Hom Mali Rice,1kg,4.3
123,2020-05-16 12:05:28,Gitangkim Superior Fragrant Rice,5kg,8.2
124,2020-05-16 12:05:28,Adabi Mini Rice Cube,30 per pack,3.75
125,2020-05-16 12:05:28,India Gate - Dubar Basmati Rice,5kg,18.0
126,2020-05-16 12:05:28,SongHe AAA Thai Hom Mali Rice,25kg,61.95
127,2020-05-16 12:05:28,Merito Certified Organic Coconut Milk ,400ml,5.4
128,2020-05-16 12:05:28,Kamchan Organic Germinated Rice - Black,1kg,7.5
129,2020-05-16 12:05:28,AAA Golden F.K. Premium Jasmine Rice,5kg,9.6
130,2020-05-16 12:05:28,India Gate - Classic Basmati Rice,5kg,31.0
131,2020-05-16 12:05:28,Rice Field 100% Pure Rice Bran Oil ,5L,21.35
132,2020-05-16 12:05:28,Shinmei Koshihikari Japanese Rice - Toyama,5kg,40.9
133,2020-05-16 12:05:28,Songhe Noble Red Rice,5kg,21.95
134,2020-05-16 12:05:28,FairPrice Rice Vermicelli (Bee Hoon),400g,1.0
135,2020-05-16 12:05:28,Want Want Rice Crackers - Cheese,96g,2.65
136,2020-05-16 12:05:28,Ayam Brand Coconut Milk - Trim,200ml,0.9
137,2020-05-16 12:05:28,New Moon Premium Fragrant Rice (Thai Hom Mali),5kg,16.5
138,2020-05-16 12:05:28,Taikoo Unrefined Cane Sugar - Golden Granulated ,350g,2.25
139,2020-05-16 12:05:28,Golden Peony Jasmine Fragrant Rice,5kg,9.4
140,2020-05-16 12:05:28,Double FP Thai Hom Mali Premium Quality Fragrant Rice,2.5kg,6.55
141,2020-05-16 12:05:28,Heinz Vinegar - Distilled White,473ml,2.6
142,2020-05-16 12:05:28,FairPrice AAA Golden Royal Dragon Thai White Fragrant Rice,10kg,21.0
143,2020-05-16 12:05:28,Naturel Organic Rice - Brown,750g,5.3
144,2020-05-16 12:05:28,Double FP Thai Hom Mali Premium Quality Fragrant Rice - New Crop,5kg,11.9
145,2020-05-16 12:05:28,Royal Umbrella Thai Hom Mali Fragrant Rice - New Crop,5kg,17.8
146,2020-05-16 12:05:28,Kangaroo Brand Australia Rice - Low GI,2kg,10.9
147,2020-05-16 12:05:28,Rice Field 100% Pure Rice Bran Oil,2L,9.25
148,2020-05-16 12:05:28,Golden Rice Box Premium Jasmine Rice,5kg,11.8
149,2020-05-16 12:05:28,New Moon Premium Fragrant Organic Rice (Thai Hom Mali),2kg,9.5
150,2020-05-16 12:05:28,Adabi Ketupat Nasi Rice Cube,6 x 130g,3.75
151,2020-05-16 12:05:28,Kirei Daichi Calrose Sushi Grade Pearl Rice,4.5kg,19.8
152,2020-05-16 12:05:28,Chef Shiitake Mushroom,250g,2.4
153,2020-05-16 12:05:28,Pasar Red Chili Padi ,100g,0.95
154,2020-05-16 12:05:28,Malika Gold Basmati Rice,5KG,17.0
155,2020-05-16 12:05:28,Chang Thai Organic Red Brown Rice ,2kg,10.2
156,2020-05-16 12:05:28,FairPrice Koto Kome Australian Calrose Rice,5kg,14.2
157,2020-05-16 12:05:28,Naturel Organic Rice - Mixed Brown Gaba & Riceberry,1.8kg,10.8
158,2020-05-16 12:05:28,S&W Premium Vinegar - Distilled White,473ml,2.45
159,2020-05-16 12:05:28,24 Mantra Organic Idly Rice,5KG,20.86
160,2020-05-16 12:05:28,Merito Certified Organic Virgin Coconut Oil,300ml,12.5
161,2020-05-16 12:05:28,Pasar Malaysia Yellow Ginger,200g,1.1
162,2020-05-16 12:05:28,Flying Man Rice (Brown Rice),1kg,5.2
163,2020-05-16 12:05:28,Golden Chef 100% Pure Sesame Oil,360ml,4.85
164,2020-05-16 12:05:28,Pasar Blue Ginger ,200g,1.05
165,2020-05-16 12:05:28,Nurjahan - Basmati Rice,5kg,18.5
166,2020-05-16 12:05:28,CJ Fresh Cooked Instant Rice - White,210g,2.2
167,2020-05-16 12:05:28,Golden Phoenix Germinated Cargo Rice - Black,1kg,5.9
168,2020-05-16 12:05:28,Kamchan Organic Germinated Rice - Brown,1kg,7.5
169,2020-05-16 12:05:28,SongHe AAA Thai Hom Mali Rice,2.5kg,9.2
170,2020-05-16 12:05:28,Gold Red Capsicum,300g,1.95
171,2020-05-16 12:05:28,Pasar Small Lime ,250g,1.1
172,2020-05-16 12:05:28,Songhe Noble Rice Berry,1kg,6.5
173,2020-05-16 12:05:28,FairPrice Rice Bran Oil,3L,11.95
174,2020-05-16 12:05:28,Kamchan Organic Germinated Rice - Red,1kg,7.5
175,2020-05-16 12:05:28,India Gate Basmati Rice - Premium,1kg,5.8
176,2020-05-16 12:05:28,Flying Man Rice (New Crop),5kg,16.9
177,2020-05-16 12:05:28,Golden Phoenix Health Plus Germinated Rice - Brown Jasmine,1kg,5.9
178,2020-05-16 12:05:28,Flying Man Rice (Fragrant),2 x 1kg,7.0
179,2020-05-16 12:05:28,Day'O' Blue White Rice,5kg,7.5
180,2020-05-16 12:05:28,Golden Elephant Thai Fish Sauce,300ml,1.22
181,2020-05-16 12:05:28,Diamond G Brown Rice,0.91kg,3.75
182,2020-05-16 12:05:28,24 Mantra Organic - Sonamasuri Brown Rice,1kg,5.15
183,2020-05-16 12:05:28,Chilli Brand Rice Vermicelli,400g,1.4
184,2020-05-16 12:05:28,Organic Tattva Organic Sonamasuri Rice Hand Pounded - By Sonnamera,1kg,4.5
185,2020-05-16 12:05:28,Kikkoman Soy Sauce - Light,600ml,3.2
186,2020-05-16 12:05:28,Pasar Large Lime ,250g,1.4
187,2020-05-16 12:05:28,GoNutz Lunch Box Snacks with Cheese Dipper - Rice Crackers,114g,4.95
188,2020-05-16 12:05:28,Daawat Quick Cooking Brown Basmati Rice - By Sonnamera,5kg,25.2
189,2020-05-16 12:05:28,Yamagata Haenuki Japanese Rice,5kg,34.95
190,2020-05-16 12:05:28,New Moon Organic SupeRice,1.8kg,11.5
191,2020-05-16 12:05:28,Mekhala Organic Energy Rice,1kg,10.9
192,2020-05-16 12:05:28,Just Organik Organic Black Rice,500G,5.25
193,2020-05-16 12:05:28,Origrains Wholegrain Rice - Thai Hom Mali Brown Rice,750g,4.0
194,2020-05-16 12:05:28,Knife Brand Groundnut Oil,2L,10.95
195,2020-05-16 12:05:28,Fantastic Rice Cracker - Cheese,100g,2.7
196,2020-05-16 12:05:28,Origins Healthfood Organic Sweet Brown Rice,1kg,7.35
197,2020-05-16 12:05:28,Knife Brand Thai Fish Sauce - Reduced Salt,300ml,1.2
198,2020-05-16 12:05:28,Ibis Organic Rice - White,500g,4.35
199,2020-05-16 12:05:28,Kikkoman Soy Sauce - Light,600ml,3.2
200,2020-05-16 12:05:28,Siam Pure Thai Fragrant Rice,10kg,15.6
201,2020-05-16 12:05:28,Pasar Large Lime ,250g,1.4
202,2020-05-16 12:05:28,ME-MI Rice (Fragrant),5kg,13.95
203,2020-05-16 12:05:28,Kampung Rice (Fragrant),10kg,28.0
204,2020-05-16 12:05:28,Day'O' Red Fragrant Rice,5kg,9.3
205,2020-05-16 12:05:28,Origins Healthfood Organic Wild Rice Blend,1kg,10.0
206,2020-05-16 12:05:28,Knife Brand Groundnut Oil,2L,10.95
207,2020-05-16 12:05:28,Knife Brand Thai Fish Sauce - Reduced Salt,300ml,1.2
208,2020-05-16 12:05:28,GABA Brown Rice - Kirei,150G,4.35
209,2020-05-16 12:05:28,24 Mantra Organic Sonamasuri Semibrown (Handpounded) Rice,1KG,5.14
210,2020-05-16 12:05:28,FairPrice Frozen Glutinous Rice Ball - Sesame,200g (10 per pack),1.85
211,2020-05-16 12:05:28,FairPrice Rice Vermicelli (Bee Hoon),10 x 400g (CTN),10.0
212,2020-05-16 12:05:28,Songhe Noble Red Rice,2.5kg,11.9
213,2020-05-16 12:05:28,Defu Premium Grade Chopped Garlic,250g,3.4
214,2020-05-16 12:05:28,Ibis Organic Rice - Brown,500g,4.35
215,2020-05-16 12:05:28,SongHe AAA Thai Hom Mali Rice,2kg,7.95
216,2020-05-16 12:05:28,Mummys - Daily Basmati Rice,5kg,19.0
217,2020-05-16 12:05:28,Fantastic Rice Cracker - Seaweed,100g,2.7
218,2020-05-16 12:05:28,Double Red Flying King AAA Thai Fragrant White Rice,5kg,10.9
219,2020-05-16 12:05:28,Tai Sun Rice Vermicelli,400g,1.2
220,2020-05-16 12:05:28,Defu Premium Grade Chopped Garlic - Cup ,300g,4.05
221,2020-05-16 12:05:28,Origrains Organic Rice - Thai Rice Berry,750g,7.2
222,2020-05-16 12:05:28,Double Pagoda Sesame Oil - Pure,250ml,4.0
223,2020-05-16 12:05:28,Ayam Brand Coconut Milk,1L,3.65
224,2020-05-16 12:05:28,24 Mantra Organic Sonamasuri Semibrown (Handpounded) Rice,5KG,20.22
225,2020-05-16 12:05:28,Flying Man Fragrant Rice,25kg,65.8
226,2020-05-16 12:05:28,Knife Brand Thai Fish Sauce,750ml,2.1
227,2020-05-16 12:05:28,FairPrice Rice Vermicelli - Red Cargo,400g,1.6
228,2020-05-16 12:05:28,Pasar Small Lime ,250g,1.1
229,2020-05-16 12:05:28,Bin Bin Rice Crackers - Seaweed,150g,2.1
230,2020-05-16 12:05:28,Riserva Gallo Italian Rice - Carnaroli,1kg,6.7
231,2020-05-16 12:05:28,Songhe Mixed Fragrant Rice + Noble Rice,2kg,8.5
232,2020-05-16 12:05:28,24 Mantra Organic Sonamasuri Polished Raw Rice,5KG,21.29
233,2020-05-16 12:05:28,Songhe Noble Brown Rice,2.5kg,11.5
234,2020-05-16 12:05:28,Flying Man Rice (Brown Rice),2&#x2e;5kg,11.75
235,2020-05-16 12:05:28,Ecoco Coconut Oil - Extra Virgin,500ml,14.9
236,2020-05-16 12:05:28,Ooty- Gold Ponni Rice,1kg,11.4
237,2020-05-16 12:05:28,Lee Kum Kee Minced Garlic - Freshly,213g,3.7
238,2020-05-16 12:05:28,Hokto Maitake Mushroom,100g,1.5
239,2020-05-16 12:05:28,Chee Seng Sesame Oil - White,320ml,4.5
240,2020-05-16 12:05:28,Ceres Organics Brown Rice Cakes with Quinoa,110g,4.5
241,2020-05-16 12:05:28,FairPrice Frozen Glutinous Rice Ball - Peanut,200g (10 per pack),1.85
242,2020-05-16 12:05:28,Fantastic Thinner Bite Black Rice Crackers - Original,100g,2.7
243,2020-05-16 12:05:28,Origins Healthfood Organic Wild Rice,250g,9.0
244,2020-05-16 12:05:28,FairPrice Rice Bran Oil,5L,18.9
245,2020-05-16 12:05:28,WICHY Organic Coconut Milk - by Foodsterr,400ml,3.9
246,2020-05-16 12:05:28,Kampung Rice (Fragrant),5kg,14.7
247,2020-05-16 12:05:28,Mummys - Daily Basmati Rice,1kg,3.9
248,2020-05-16 12:05:28,Day'O' Blue White Rice,5kg,7.5
249,2020-05-16 12:05:28,FairPrice Sauce Mix - Chicken Rice,180g,2.8
250,2020-05-16 12:05:28,Diamond G Brown Rice,0.91kg,3.75
251,2020-05-16 12:05:28,Pasar Thailand Spring Onion,100g,1.5
252,2020-05-16 12:05:28,Tiparos Thai Fish Sauce,700ml,1.6
253,2020-05-16 12:05:28,Lal Qilla Basmati Rice,1KG,5.0
254,2020-05-16 12:05:28,XinYu Rice Yam flavour Brown Rice,2kg,10.9
255,2020-05-16 12:05:28,Yes Natural Organic Brown Rice Ring - Original ,40g,2.3
256,2020-05-16 12:05:28,Real Foods Rice Thin - Wholegrain,150g,3.65
257,2020-05-16 12:05:28,Pasar Fresh Eggs,550g (10 per pack),2.05
258,2020-05-16 12:05:28,24 Mantra Organic - Sonamasuri Rice,1kg,4.7
259,2020-05-16 12:05:28,Golden Elephant Finest Glutionous Rice Flour ,500g,1.45
260,2020-05-16 12:05:28,Prima Taste Paste - Fragrant Hainanese Chicken Rice ,80g,1.95
261,2020-05-16 12:05:28,Songhe Noble Brown Rice,1kg,5.3
262,2020-05-16 12:05:28,Shahi Golden Sandal Agarbatti (Incense Sticks),6 x 20 pcs,6.5
263,2020-05-16 12:05:28,Chew's Kampong Chicken Eggs,180g (6 per pack),3.2
264,2020-05-16 12:05:28,24 Mantra Organic Sonamasuri Polished Raw Rice,10KG,42.05
265,2020-05-16 12:05:28,Tai Sun Rice Vermicelli,10 x 400g (CTN),11.9
266,2020-05-16 12:05:28,Ibis Organic Rice - Semi-Milled,500g,4.35
267,2020-05-16 12:05:28,FairPrice Frozen Glutinous Rice Ball - Red Bean,200g (10 per pack),1.85
268,2020-05-16 12:05:28,Chinatown Glutinous Rice Ball - Black Sesame ,300g,2.55
269,2020-05-16 12:05:28,Triple Stars Rice Vermicelli,600g,2.85
270,2020-05-16 12:05:28,N&N Big Fresh Eggs - Lower Cholestrol,650g (10 per pack),3.5
271,2020-05-16 12:05:28,Fantastic Rice Cracker - Teriyaki,100g,2.7
272,2020-05-16 12:05:28,Sakura Brown Rice Noodles - Round Hokkien,400g,1.4
273,2020-05-16 12:05:28,Woongjin Morning Rice Bottle Drink,1.5L,3.9
274,2020-05-16 12:05:28,Tefal Rice Cooker (RK740165),1 per pack,169.0
275,2020-05-16 12:05:28,Knife Brand Rice Bran Oil,2L,9.5
276,2020-05-16 12:05:28,Kooksoondang Traditional Rice Beer - Ssal Makkoli,750ml,7.0
277,2020-05-16 12:05:28,Hao Huan Luo Snail Rice Noodle,2 x 300G,9.0
278,2020-05-16 12:05:28,CP Frozen Ready Meal - Chicken Sausage Fried Rice,250g,3.9
279,2020-05-16 12:05:28,Double Elephant 100% Fragrant Sesame Oil,300ml,4.25
280,2020-05-16 12:05:28,Crispy Chocolatey Rice Cereal - Fun Pack,275g,4.0
281,2020-05-16 12:05:28,Kodomo Baby Bath Wash - Rice Milk,1L,7.5
282,2020-05-16 12:05:28,Johnson's Baby Bath Wash - Milk + Rice,1L,7.95
283,2020-05-16 12:05:28,Super NutreMill 4 in 1 Instant Cereal with Brown Rice,20 x 30g,3.9
284,2020-05-16 12:05:28,Ceres Organics Crispy Rice Clouds Cheezy Onion Charm,50g,4.8
285,2020-05-16 12:05:28,Johnson's Baby Bath Wash - Milk + Rice,2 x 1L,13.95
286,2020-05-16 12:05:28,Pureharvest Organic Rice Milk - Calcium ,1L,4.05
287,2020-05-16 12:05:28,Luo Ba Wang Snail Rice Noodle,280G,5.0
288,2020-05-16 12:05:28,Tesco Rice Cakes - Wholegrain,130g,5.65
289,2020-05-16 12:05:28,Kellogg's Cereal - Rice Krispies,130g,2.7
290,2020-05-16 12:05:28,GABA Genmai Mochi Mugi Barley Grain Mixed Brown Rice- Kirei,150G,4.35
291,2020-05-16 12:05:28,GABA Genmai Mochi Mugi Barley Grain Mixed Brown Rice Pack,150G,4.35
292,2020-05-16 12:05:28,LEEZEN Rice Cracker,280g,6.9
293,2020-05-16 12:05:28,Double A 100% Sesame Oil - Black & White,320ml,3.5
294,2020-05-16 12:05:28,Town Bus - Rice Kodubale,150g,1.7
295,2020-05-16 12:05:28,Kooksoondang Makgeolli Sparkling Rice Wine - Peach ,750ml,7.0
296,2020-05-16 12:05:28,Johnson's Baby Bath Wash Refill - Milk + Rice,600ml,4.95
297,2020-05-16 12:05:28,Gerber Organic Baby Cereal - Rice,227g,10.9
298,2020-05-16 12:05:28,Woh Hup Paste - Singapore Hainanese Chicken Rice,190g,4.15
299,2020-05-16 12:05:28,GABA Genmai Mochi Mugi Barley Grain Mixed Brown Rice Pack,150G,4.35
300,2020-05-16 12:05:28,LEEZEN Rice Cracker,280g,6.9
301,2020-05-16 12:05:28,Cowhead Block Butter - Salted,250g,5.4
302,2020-05-16 12:05:28,Woh Hup Dark Soya Sauce - Chicken Rice,640ml,4.9
303,2020-05-16 12:05:28,Ceres Organics Crispy Rice Clouds Sriracha Sass,50g,4.8
304,2020-05-16 12:05:28,Six Fortune Rice Stick Noodles,320g,3.95
305,2020-05-16 12:05:28,"Now Foods, Real Food, Organic, Sprouted Brown Rice",454 g,11.9
306,2020-05-16 12:05:28,Chan Kong Thye Black Sweet Rice Vinegar,750ml,5.2
307,2020-05-16 12:05:28,Prima Taste Sauce - Laksa Fried Rice,80g,1.95
308,2020-05-16 12:05:28,SunRice Brown Rice Chips - Wild Rice,156g,4.95
309,2020-05-16 12:05:28,Pagoda White Pepper Powder,25g,2.35
310,2020-05-16 12:05:28,Nature's Nutrition Organic Quinoa - Tricolour,500g,12.9
311,2020-05-16 12:05:28,LEEZEN Brown Rice Puff,300g,5.9
312,2020-05-16 12:05:28,CP Gourmet Ready Meal - Chicken Green Curry with Rice ,320g,5.5
313,2020-05-16 12:05:28,Maggi Instant Rice Porridge - Chicken,63g,1.7
314,2020-05-16 12:05:28,CP Gourmet Ready Meal - Teriyaki Chicken with Rice,320g,5.5
315,2020-05-16 12:05:28,Prima Taste Sauce Kit - Hainanese Chicken Rice,370g,7.9
316,2020-05-16 12:05:28,Norilicious Seaweed Snack - Black Rice & Sesame,16g,3.5
317,2020-05-16 12:05:28,KCT Soya Sauce - Dark (Chicken Rice),450ml,2.8
318,2020-05-16 12:05:28,Double Elephant 100% Fragrant Sesame Oil,300ml,4.25
319,2020-05-16 12:05:28,Golden Lion Brand - Thai Rice Vermicelli,400g,1.35
320,2020-05-16 12:05:28,A1 Instant Rice Vermicelli White Soup - Crab,4 x 100g,7.95
321,2020-05-16 12:05:28,Mizkan Distilled Vinegar - Rice ,500ml,5.3
322,2020-05-16 12:05:28,Chng Kee's Hainanese Chicken Rice Mix ,240ml,3.7
323,2020-05-16 12:05:28,Johnson's Baby Lotion - Milk + Rice,500ml,9.5
324,2020-05-16 12:05:28,FairPrice Pure Cane Sugar - Fine Grain,2kg,2.95
325,2020-05-16 12:05:28,Ceres Organics Crispy Rice Clouds Salt and Vinegar Smash,50g,4.8
326,2020-05-16 12:05:28,SunRice Brown Rice Chips - Sea Salt,156g,4.95
327,2020-05-16 12:05:28,CP Gourmet Ready Meal - Stir Fried Chicken and Basil with Rice ,320g,5.5
328,2020-05-16 12:05:28,Farmer Brand Ban Mee - Brown Rice,530g,3.95
329,2020-05-16 12:05:28,Green Farm Natural Mixed Grains,1.2kg,13.9
330,2020-05-16 12:05:28,Mitoku Brown Rice Snacks - White Sesame 6,60g,6.9
331,2020-05-16 12:05:28,Mitoku Brown Rice Snacks - Black Sesame,60g,6.9
332,2020-05-16 12:05:28,Koka Instant Silk Rice Fettuccine - Laksa Singapura,70g,1.4
333,2020-05-16 12:05:28,Pigeon Baby Rice Crackers - Carrot and Tomato,2 x 7g,4.9
334,2020-05-16 12:05:28,New Moon Premium Paste - Hainanese Chicken Rice,120g,3.4
335,2020-05-16 12:05:28,OSK Japanese Green Tea Bags - Mixed with Roasted Rice,50 x 2g,6.95
336,2020-05-16 12:05:28,FairPrice Sunflower Oil,2L,7.2
337,2020-05-16 12:05:28,Koka Instant Rice Noodles - Chicken Pho (Low Fat),4 x 70g,3.57
338,2020-05-16 12:05:28,Nestle Cerelac Cereal - Rice (No Milk) ,200g,4.5
339,2020-05-16 12:05:28,Ottogi Rice Syrup,700g,6.75
340,2020-05-16 12:05:28,Nature's Nutrition Organic Black Quinoa,500g,13.2
341,2020-05-16 12:05:28,Pigeon Baby Rice Crackers - Small Fish,6 per pack,4.9
342,2020-05-16 12:05:28,Nature's Superfoods Organinc Tricolor Quinoa Seeds,1kg,18.7
343,2020-05-16 12:05:28,Walmae Makgeoli (Korean Rice Wine),1L,15.0
344,2020-05-16 12:05:28,Tong Garden NutriOne Cereal Drink - Black Rice & Sesame,9 x 36g,7.9
345,2020-05-16 12:05:28,Pasar Dried Red Bean,500g,2.35
346,2020-05-16 12:05:28,Pasar Rock Sugar - Honey,500g,2.55
347,2020-05-16 12:05:28,Koka Instant Silk Rice Fettuccine - Chicken Abalone,70g,1.4
348,2020-05-16 12:05:28,Vitamax Instant Wholegrains Cereal Drink - Black Rice,20 x 30g,3.6
349,2020-05-16 12:05:28,Healthy Times Organic Cereal - Brown Rice,142g,7.5
350,2020-05-16 12:05:28,Pasar Pasta - Macaroni,600g,2.1
351,2020-05-16 12:05:28,Pasar Rock Sugar - China (Yellow),500g,2.1
352,2020-05-16 12:05:28,IDAH FOODS Pop Pop Rice- Wasabi,100g,6.9
353,2020-05-16 12:05:28,FairPrice Flour - Corn,400g,0.7
354,2020-05-16 12:05:28,Huiji Waist Tonic + Instant Brown Rice Cereal,700ml + 6 x 30g,49.7
355,2020-05-16 12:05:28,Alfa One Rice Bran Oil,3L,29.9
356,2020-05-16 12:05:28,Asian Home Gourmet Spice Paste - Singapore Hainanese Chicken Rice,50g,2.55
357,2020-05-16 12:05:28,FairPrice Canola Olive Blend Oil,2L,13.45
358,2020-05-16 12:05:28,Tai Hua Chicken Rice Soy Sauce,305ml,2.9
359,2020-05-16 12:05:28,OSK Japanese Green Tea Bags - Mixed with Roasted Rice,50 x 2g,6.95
360,2020-05-16 12:05:28,Koka Instant Rice Noodles - Chicken Pho (Low Fat),4 x 70g,3.57
361,2020-05-16 12:05:28,Nestle Cerelac Cereal - Rice (No Milk) ,200g,4.5
362,2020-05-16 12:05:28,Nestle Cerelac Cereal - Rice & Chicken (8 Months),250g,5.5
363,2020-05-16 12:05:28,Pasar Dried Green Beans,500g,2.2
364,2020-05-16 12:05:28,Tefal Induction Spherical Rice Cooker (RK8045),1.8L,479.0
365,2020-05-16 12:05:28,IDAH FOODS Pop Pop Rice- Caramel,100g,6.9
366,2020-05-16 12:05:28,FairPrice Natural Coconut Cream,200ml,0.75
367,2020-05-16 12:05:28,Dancing Chef Paste - Hainanese Chicken Rice,100g,2.85
368,2020-05-16 12:05:28,Mission Tortilla Chips - Corn & Rice,170g,3.55
369,2020-05-16 12:05:28,Pigeon Baby Rice Crackers - Small Fish & Seaweed,2 x 7g,4.9
370,2020-05-16 12:05:28,FairPrice Premium Quality Fine Salt Box,500g,0.45
371,2020-05-16 12:05:28,Hsin Chu Rice Noodles - Tomato,200g,4.2
372,2020-05-16 12:05:28,FairPrice Pure Cane Sugar - Coarse Grain,1kg,1.5
373,2020-05-16 12:05:28,Koka Instant Rice Fettuccine - Tom Yum,4 x 70g,3.57
374,2020-05-16 12:05:28,Gerber Organic Baby Rice Snacks - Sweet Pumpkin,28g,8.5
375,2020-05-16 12:05:28,Nestle Cerelac Infant Cereal - Brown Rice & Milk (6 Months),350g,6.5
376,2020-05-16 12:05:28,Mitoku Brown Rice Snacks - Sea Vegetable,60g,6.9
377,2020-05-16 12:05:28,FairPrice Premium Quality Fine Salt,500g,0.42
378,2020-05-16 12:05:28,Nestle Nestum 3 in 1 Instant Cereal Milk Drink - Brown Rice ,15 x 27g,6.2
379,2020-05-16 12:05:28,Nature's Superfoods Organic Tricolor Quinoa Seeds,500g,11.9
380,2020-05-16 12:05:28,Tesco Free From Pasta - Lasagne Sheets,250g,4.95
381,2020-05-16 12:05:28,Holle Organic Baby Wholegrain Porridge Cereal - Rice,250g,8.85
382,2020-05-16 12:05:28,FairPrice Sunflower Oil,1L,3.9
383,2020-05-16 12:05:28,FairPrice Vegetable Oil ,1L,2.95
384,2020-05-16 12:05:28,Gerber Baby Rice Cereal - Banana & Strawberry,1.3kg,10.9
385,2020-05-16 12:05:28,Apple Monkey Organic Rice Cracker - Blueberry + Strawberry,10 x 3g,5.3
386,2020-05-16 12:05:28,Pasar Black Fungus,50g,1.15
387,2020-05-16 12:05:28,Pasar Dried Chrysanthemum,150g,5.35
388,2020-05-16 12:05:28,FairPrice Japanese Green Tea -Yabukita Blend with Roasted Rice,50 x 2g,6.25
389,2020-05-16 12:05:28,Pasar Rock Sugar - China (Crystal Cubes),500g,2.05
390,2020-05-16 12:05:28,San Remo Cous Cous,500g,3.8
391,2020-05-16 12:05:28,Quaker Instant Oatmeal Flake Tin - Black Rice & Yam,700g,8.65
392,2020-05-16 12:05:28,Pasar Japan Dried Mushroom,100g,9.35
393,2020-05-16 12:05:28,Kingodo Kuro Goma Genmai Black Sesame Borwn Rice Crackers,100G,10.0
394,2020-05-16 12:05:28,Bellamy's Organic Baby Pasta - Brown Rice Stars,200g,7.55
395,2020-05-16 12:05:28,Pasar Dried Monk Fruit (Luo Han Guo),60g,2.9
396,2020-05-16 12:05:28,FairPrice Flour - Self Raising,1kg,2.6
397,2020-05-16 12:05:28,NAKED Organic Tricolour Quinoa,400 g,7.9
398,2020-05-16 12:05:28,Pasar Japan Dried Mushroom,50g,4.95
399,2020-05-16 12:05:28,NAKED Organic White Quinoa,450 g,7.9
400,2020-05-16 12:05:28,Australia's Own Organic Rice Milk,1L,4.5
401,2020-05-16 12:05:28,Pasar Dried Black Fungus (Small),50g,1.85
402,2020-05-16 12:05:28,Mitr Phol Pure Refined Cane Sugar,1kg,1.35
403,2020-05-16 12:05:28,Hui He Kiukiang Glutinous Rice Chiew,620ml,18.1
404,2020-05-16 12:05:28,Apple Monkey Organic Rice Cracker - Strawberry + Banana,10 x 3g,5.3
405,2020-05-16 12:05:28,Borges Natura Rice & Walnut UHT Drink,1L,5.5
406,2020-05-16 12:05:28,Kingodo Atsuyaki Shoyu Soy Sauce Senbei Rice Cracker,100G,6.5
407,2020-05-16 12:05:28,FairPrice Pure Cane Sugar - Coarse Grain,3kg,4.15
408,2020-05-16 12:05:28,Pasar Dried Skinless Peanut,200g,1.55
409,2020-05-16 12:05:28,Pasar Raw Peanuts,300g,1.8
410,2020-05-16 12:05:28,NH Sweet Rice Drink,238ML,1.2
411,2020-05-16 12:05:28,Pasar White Sesame Seeds,150g,1.2
412,2020-05-16 12:05:28,Pasar Dried China Barley,200g,1.85
413,2020-05-16 12:05:28,Nomu Grinder - Black Pepper,50g,7.9
414,2020-05-16 12:05:28,FairPrice Chili Sauce,320g,1.1
415,2020-05-16 12:05:28,Zestiva MultiGrains&Quinoa Organic Tricolor Quinoa,1kg,12.9
416,2020-05-16 12:05:28,Holle Organic Baby Wholegrain Porridge Cereal - Rice,250g,8.85
417,2020-05-16 12:05:28,Tesco Free From Pasta - Lasagne Sheets,250g,4.95
418,2020-05-16 12:05:28,Nature's Superfoods Organic Tricolor Quinoa Seeds,500g,11.9
419,2020-05-16 12:05:28,Johnson's Baby Bath Wash - Milk + Rice,3 x 1L,18.9
420,2020-05-16 12:05:28,FairPrice Flour - Self Raising,1kg,2.6
421,2020-05-16 12:05:28,Organic Bubs Baby Food - Super Vegetable Rice Congee,120g,3.6
422,2020-05-16 12:05:28,Pasar Japan Dried Mushroom,50g,4.95
423,2020-05-16 12:05:28,FairPrice Olive Oil - Extra Virgin,500ml,8.95
424,2020-05-16 12:05:28,Canale Rice Bran Oil,1L,16.9
425,2020-05-16 12:05:28,Pasar Spice - Cumin Seed,50g,0.65
426,2020-05-16 12:05:28,Pasar Skinless Lotus,200g,7.0
427,2020-05-16 12:05:28,FairPrice Black Pepper - Coarse,80g,4.45
428,2020-05-16 12:05:28,Pasar Raw Cashew Nut,200g,5.5
429,2020-05-16 12:05:28,FairPrice Dressing - Thousand Island,340g,3.55
430,2020-05-16 12:05:28,NAKED Organic Buckwheat Groats,350 g,4.9
431,2020-05-16 12:05:28,Vitamax Instant Wholegrains Cereal Drink - Brown Rice,20 x 30g,3.6
432,2020-05-16 12:05:28,GRB - Soan Papdi,200g,2.1
433,2020-05-16 12:05:28,Pasar Dried China Mushroom,120g,5.25
434,2020-05-16 12:05:28,Sakthi - Tamarind Rice Powder,200g,2.7
435,2020-05-16 12:05:28,Tesco Pitted Black Olives - with Sea Salt ,70g,2.95
436,2020-05-16 12:05:28,General Mills Cinnamon Toast Crunch Rice Cereals,340g,10.7
437,2020-05-16 12:05:28,HiPP Organic Rice Cakes for Toddler - Regular (No Suggar Added),35g,5.95
438,2020-05-16 12:05:28,Pasar Spice - Cinnamon Powder ,50g,1.2
439,2020-05-16 12:05:28,Pasar Spice - Cinnamon Powder ,50g,1.2
440,2020-05-16 12:05:28,Good Morning Organic Breakfast Cereal Puffs - Brown Rice,175g,6.5
441,2020-05-16 12:05:28,Nature's Superfoods Organic White Quinoa Seeds,500g,9.5
442,2020-05-16 12:05:28,Pasar Dried Tamarind Slices,50g,1.3
443,2020-05-16 12:05:28,Lipton Brown Rice Green Tea Bags,36 x 1.6g,8.5
444,2020-05-16 12:05:28,Pasar Dried Bean Skin,40g,1.0
445,2020-05-16 12:05:28,FairPrice Flour Vermicelli (Mee Suah),300g,1.3
446,2020-05-16 12:05:28,Wakodo Baby Ready To Eat Pouch - Rice Porridge (Flounder & Egg),80g,3.35
447,2020-05-16 12:05:28,Nature's Superfoods Organic White Quinoa Seeds,1kg,17.2
448,2020-05-16 12:05:28,Seng Choon Lower Cholesterol Eggs - Large,630g (10 per pack),2.9
449,2020-05-16 12:05:28,FairPrice Sunflower Olive & Mixed Seeds Oil - Mild & Fruity,500ml,5.15
450,2020-05-16 12:05:28,Clearspring Organic Japanese Brown Rice Udon,200G,8.3
451,2020-05-16 12:05:28,Pasar Dried Longan Meat,100g,2.7
452,2020-05-16 12:05:28,Pasar Dried China Mushroom,50g,2.45
453,2020-05-16 12:05:28,Moon Rabbit Si Sen Brown Rice Powder ,400g,4.0
454,2020-05-16 12:05:28,F.East Potato Chips - Hainanese Chicken Rice,70g,2.95
455,2020-05-16 12:05:28,24 Mantra Organic Poha (Flattenned Rice),1KG,5.35
456,2020-05-16 12:05:28,Tong Garden NutriOne Cereal Drink - Red Bean & Black Rice,270g,7.9
457,2020-05-16 12:05:28,Borges Natura Rice & Almond UHT Drink,1L,5.5
458,2020-05-16 12:05:28,Bellamy's Organic Baby Rice Cereals - Milk & Vanilla,125g,5.65
459,2020-05-16 12:05:28,Mitr Phol Pure Refined Cane Sugar,1kg,1.35
460,2020-05-16 12:05:28,Nestle Cerelac Cereal - Rice & Mixed Vegetables (6 Months),250g,5.5
461,2020-05-16 12:05:28,Sin Guo Rice Vinegar,3 x 600ml,5.25
462,2020-05-16 12:05:28,Apple Monkey Organic Rice Cracker - Sweet Potato,10 x 3g,5.3
463,2020-05-16 12:05:28,FairPrice Mayonnaise Jar,330g,2.75
464,2020-05-16 12:05:28,FairPrice Sunflower Oil,5L,14.95
465,2020-05-16 12:05:28,"PowerPac 5,6L Commercial Rice Cooker",1 Pc,79.9
466,2020-05-16 12:05:28,Friso Gold Milk Cereal Drink Powder - Rice Based,300g,10.0
467,2020-05-16 12:05:28,Nestle Cerelac Cereal - Rice & Mixed Fruits (6 Months),250g,5.5
468,2020-05-16 12:05:28,Pasar Green Bean,800g,3.25
469,2020-05-16 12:05:28,Pasar Dried Barley,500g,1.35
470,2020-05-16 12:05:28,Kirei Shiratama Ko Glutinuous Rice Dumpling Powder,200G,8.3
471,2020-05-16 12:05:28,FairPrice Pure Vegetable Oil,500ml,1.5
472,2020-05-16 12:05:28,FairPrice Chili Sauce - Ginger and Garlic,230g,1.8
473,2020-05-16 12:05:28,Pasar Chinese Herbs - Qi Zi,200g,5.15
474,2020-05-16 12:05:28,FairPrice Sauce - Char Siew,220g,2.65
475,2020-05-16 12:05:28,Borges Natura Rice & Hazelnut UHT Drink,1L,5.5
476,2020-05-16 12:05:28,Pasar Dried Black Fungus (Small),50g,1.85
477,2020-05-16 12:05:28,Nomu Grinder - Black Pepper,50g,7.9
478,2020-05-16 12:05:28,NAKED Organic White Quinoa,450 g,7.9
479,2020-05-16 12:05:28,FairPrice Chili Sauce - Garlic,320g,1.35
480,2020-05-16 12:05:28,FairPrice Vegetarian Sauce - Oyster with Mushroom,430ml,2.25
481,2020-05-16 12:05:28,Moon Rabbit Si Sen Brown Rice Powder ,400g,4.0
482,2020-05-16 12:05:28,Kirei Shiratama Ko Glutinuous Rice Dumpling Powder,200G,8.3
483,2020-05-16 12:05:28,Pasar Dried Almond,100g,2.65
484,2020-05-16 12:05:28,FairPrice Olive Oil - Extra Virgin (Organic),500ml,11.95
485,2020-05-16 12:05:28,Acrylic Black Pepper Grinder,50G,12.45
486,2020-05-16 12:05:28,Pasar Dried Barley,800g,2.05
487,2020-05-16 12:05:28,HiPP Organic Rice Cakes - Blueberry (Gluten Free),30g,5.95
488,2020-05-16 12:05:28,Just Organik ORGANIC BARNYARD MILLET,500G,4.4
489,2020-05-16 12:05:28,Tesco Dressing - Honey & Mustard ,250ml,3.65
490,2020-05-16 12:05:28,Kirei Genmai Cha Japanese Roasted Rice Tea,340g,11.5
491,2020-05-16 12:05:28,Hamamaruki Shio Koji Liquid Fermented Rice Seasoning,500ml,8.1
492,2020-05-16 12:05:28,Maeil Organic Rice Rusks - Spinach & Broccoli,30g,7.9
493,2020-05-16 12:05:28,Moon Rabbit Instant Si Sen Brown Rice - Ikan Bilis,400g,6.3
494,2020-05-16 12:05:28,24 Mantra Organic Whole Wheat Grain,1KG,3.75
495,2020-05-16 12:05:28,Red Tractor Foods Organic Quinoa - White,700g,12.95
496,2020-05-16 12:05:28,Zestiva MultiGrains&Quinoa Organic Black Chia Seeds,500g,9.9
497,2020-05-16 12:05:28,Ceres Organics White Quinoa ,450g,11.3
498,2020-05-16 12:05:28,Acrylic Black Pepper Grinder,50G,12.45
499,2020-05-16 12:05:28,Tesco Dressings - Salad Cream,520g,3.65
500,2020-05-16 12:05:28,Cowhead Organic Oat for Rice,500g,3.95
501,2020-05-16 12:05:28,GRB Ghee,200ml,3.8
502,2020-05-16 12:05:28,Nature's Gift Meal Time Dog Can Food - Chicken Rice & Vegetables,700g,3.4
503,2020-05-16 12:05:28,Maeil Organic Rice Rusks - Apple & Carrot,30g,7.9
504,2020-05-16 12:05:28,Konjac Konnyaku Kuro Chill,250g,3.3
505,2020-05-16 12:05:28,Pasar Dried Raisins,200g,3.35
506,2020-05-16 12:05:28,FairPrice Sugar - Fine (Sachets),100 x 5g,1.95
507,2020-05-16 12:05:28,Mitoku Bifun Rice Noodles,150g,10.9
508,2020-05-16 12:05:28,Zestiva MultiGrains&Quinoa Organic Red Quinoa,1kg,12.9
509,2020-05-16 12:05:28,Nature's Superfoods Instant Organic Quinoa Powder,250g,10.9
510,2020-05-16 12:05:28,Foodsterr Peruvian White Quinoa,1kg,13.9
511,2020-05-16 12:05:28,FairPrice Instant Noodles - White Pepper,5 x 70g,1.45
512,2020-05-16 12:05:28,Nature's Gift Meal Time Dog Can Food - Chicken Rice & Vegetables,700g,3.4
513,2020-05-16 12:05:28,Maeil Organic Rice Rusks - Apple & Carrot,30g,7.9
514,2020-05-16 12:05:28,Konjac Konnyaku Kuro Chill,250g,3.3
515,2020-05-16 12:05:28,FairPrice Sauce - Black Pepper,220g,2.65
516,2020-05-16 12:05:28,Nature's Superfoods Organic Red Quinoa Seeds,1kg,17.9
517,2020-05-16 12:05:28,Zestiva MultiGrains&Quinoa Organic White Quinoa,1kg,11.9
518,2020-05-16 12:05:28,Amisa Organic Gluten free Falafel Mix,160g,6.8
519,2020-05-16 12:05:28,Mitoku Bifun Rice Noodles,150g,10.9
520,2020-05-16 12:05:28,FairPrice Superior Soy Sauce - Light,660ml,3.05
521,2020-05-16 12:05:28,Maeil Organic Rice Rusks - Purple Sweet Potato & Lotus Root,30g,7.9
522,2020-05-16 12:05:28,Shahi Golden Rice Flakes (Poha)- Thick - By Shivsagar Trading,3 x 500g,5.55
523,2020-05-16 12:05:28,FairPrice White Pepper - Seed,100g,3.95
524,2020-05-16 12:05:28,Tesco Dressings - Caesar,250ml,3.65
525,2020-05-16 12:05:28,Foodsterr Peruvian White Quinoa Grains,500g,8.5
526,2020-05-16 12:05:28,Outback Harvest Teff Grains - Brown,400g,11.5
527,2020-05-16 12:05:28,Nature's Superfoods Organic Red Quinoa Seeds,500g,9.5
528,2020-05-16 12:05:28,Kokumori Rice Vinegar 600ml,600ml,39.0
529,2020-05-16 12:05:28,Biona Organic Rice Bread,500G,11.8
530,2020-05-16 12:05:28,Biona Organic Peach Halves In Rice Syrup,570G,12.8
531,2020-05-16 12:05:28,GRB Ghee Jar,1L,14.75
532,2020-05-16 12:05:28,FairPrice Canola Olive Blend Oil,1L,7.15
533,2020-05-16 12:05:28,GRB - Ghee Bambay Halwa,250g,2.5
534,2020-05-16 12:05:28,Hitachino Nest Beer - Red Rice Ale,330 ml,7.3
535,2020-05-16 12:05:28,Shahi Golden Mogra (Jasmine) Agarbatti,6 x 20 pcs,6.5
536,2020-05-16 12:05:28,FairPrice Instant Noodles - Chicken,5 x 70g,1.45
537,2020-05-16 12:05:28,Pansalt Lower Sodium Mineral Salt,215g,3.8
538,2020-05-16 12:05:28,Tesco Microwave Meal in Pouch - Egg Rice,250g,2.45
539,2020-05-16 12:05:28,GRB - Rasogolla,500g,2.7
540,2020-05-16 12:05:28,FairPrice Vegetable Oil,3L,7.95
541,2020-05-16 12:05:28,Hanamaruki Genen Shio Koji Paste Japan Rice Yeast Seasoning,200G,7.6
542,2020-05-16 12:05:28,Daehan Tea Organic Brown Rice With Green Tea (20Bags),20x1&#x2e;5g,8.9
543,2020-05-16 12:05:28,Biona Organic Rice & Sunflower Seed Bread,500G,11.8
544,2020-05-16 12:05:28,Yamato Kaga Boucha Genmai Brown Rice Amazake,490ml,14.5
545,2020-05-16 12:05:28,FairPrice Instant Cup Noodles - Tom Yam,24 x 70g (CTN),21.6
546,2020-05-16 12:05:28,FairPrice Instant Cup Noodles - Seafood,24 x 70g (CTN),21.6
547,2020-05-16 12:05:28,Ba Shu La Ren Instant Rice Noodles - Hot & Sour,190g,3.75
548,2020-05-16 12:05:28,Little Freddie Simply Baby Rice with Carrot (Probiotics),160g,12.3
549,2020-05-16 12:05:28,Kirei Kinmedai Gohan No Moto Cooked Rice Stock Base,150G,7.8
550,2020-05-16 12:05:28,Yamato Genmai Brown Rice Amazake Non Alcholic Beverage,490ml,12.0
551,2020-05-16 12:05:28,Hamaotome Iwashi Sardine Sprinkles Japanese Furikake Rice Topping,50g,4.35
552,2020-05-16 12:05:28,Kingodo Atsuyaki Goma Senbei,200G,6.5
553,2020-05-16 12:05:28,FairPrice Instant Cup Noodles - Curry,24 x 70g (CTN),21.6
554,2020-05-16 12:05:28,Daehan Tea Organic Brown Rice With Green Tea (60Bags),60x1&#x2e;5g,25.0
555,2020-05-16 12:05:28,EKO Stainless Steel Food Grade Rice Dispenser 5Kg Small,1PC,91.8
556,2020-05-16 12:05:28,LE Organic Brown Rice Baby Puff - Beetroot & Sweet Potato,4 x 10g,7.9
557,2020-05-16 12:05:28,EKO Stainless Steel Food Grade Rice Dispenser 10Kg Large,1PC,103.4
558,2020-05-16 12:05:28,LE Organic Brown Rice Baby Puff - Amaranth Leaves & Pumpkin,4 x 10g,7.9
559,2020-05-16 12:05:28,Morita Organic Ryori Shu Japanese Cooking  Rice Wine,1L,19.8
560,2020-05-16 12:05:28,FairPrice Premium Quality Fine Salt,10 x 500g (CTN),4.0
561,2020-05-16 12:05:28,Biona Organic Apricot Halves In Rice Syrup,570G,13.4
562,2020-05-16 12:05:28,Tesco Malt Vinegar,568ml,1.95
563,2020-05-16 12:05:28,Moon Rabbit Instant Si Sen Brown Rice Powder - Ginseng&IkanBilis,400g,6.6
564,2020-05-16 12:05:28,SmartHeart Adult Cat Packet Food - Chicken with Rice & Carrot,85g,0.75
565,2020-05-16 12:05:28,Morita Premium Junmai  Ryori Shu Japanese Cooking Sake Rice Wine,1L,12.0
566,2020-05-16 12:05:28,Tesco Dressing - French,250ml,3.65
567,2020-05-16 12:05:28,GRB - Soan Papdi,100g,1.6
568,2020-05-16 12:05:28,Foodsterr Organic White Quinoa,500g,10.5
569,2020-05-16 12:05:28,Now Foods Certified Organic Quinoa Whole Grain,454g,16.9
570,2020-05-16 12:05:28,Absolute Organic Red Quinoa,400G,12.9
571,2020-05-16 12:05:28,Absolute Organic Black Quinoa,400G,12.9
572,2020-05-16 12:05:28,Biona Organic Buckwheat & Rice Bread,250G,9.8
573,2020-05-16 12:05:28,SmartHeart Adult Cat Dry Food - Chicken with Rice and Kanikama,85g,0.75
574,2020-05-16 12:05:28,SmartHeart Adult Cat Packet Food - Chicken with Rice & Cheese,85g,0.75
575,2020-05-16 12:05:28,SmartHeart Gold Cat Dry Food - Salmon & Rice,1.2kg,14.5
576,2020-05-16 12:05:28,Maeil Organic Rice Snacks -Yellow Stage 1,25g,6.9
577,2020-05-16 12:05:28,Maeil Organic Rice Snacks - Red Stage 1,25g,6.9
578,2020-05-16 12:05:28,Heinz Organic Baby Puree Pouch - Creamy Vanilla Rice with Apple,120g,3.9
579,2020-05-16 12:05:28,Tesco Dressing - Thousand Island,250ml,3.65
580,2020-05-16 12:05:28,FairPrice Instant Cup Noodles - Chicken,24 x 70g (CTN),21.6
581,2020-05-16 12:05:28,GRB - Gulab Jamun,1kg,5.2
582,2020-05-16 12:05:28,Tesco Pasta - Rigatoni,500g,2.75
583,2020-05-16 12:05:28,Pasar Chinese Herbs - Horn Floss (Ling Yang),25g,3.0
584,2020-05-16 12:05:28,Pasta Natura Chick Peas Corn & Rice Pasta Penne,250g,7.55
585,2020-05-16 12:05:28,Ener-G Brown Rice Light Bread,226&#x2e;8g,9.8
586,2020-05-16 12:05:28,Mitoku Kyushu Organic Brown Rice Vinegar,200ml,26.0
587,2020-05-16 12:05:28,OraSi Rice Drink,24 x 200ml,36.0
588,2020-05-16 12:05:28,OraSi Rice Drink,12 X 1L,59.4
589,2020-05-16 12:05:28,Foodsterr Organic Peruvian White Quinoa,1kg,16.9
590,2020-05-16 12:05:28,24 Mantra Anc Grains Mixed Millet,500G,4.28
591,2020-05-16 12:05:28,Kitchen & Love Bean Soup Mix,500g,5.9
592,2020-05-16 12:05:28,Kingodo Kosho Senbei,130G,6.8
593,2020-05-16 12:05:28,GRB - Rasogolla,1kg,5.2
594,2020-05-16 12:05:28,Biona Organic Pear Halves In Rice Syrup,570G,12.8
595,2020-05-16 12:05:28,Maeil Organic Rice Snacks -Green Stage 1,25g,6.9
596,2020-05-16 12:05:28,Konjac Konnyaku Shiro Chill,250g,3.3
597,2020-05-16 12:05:29,Honda Uni Mochi Crackers,130G,6.7
598,2020-05-16 12:05:29,GRB Ghee,100ml,1.9
599,2020-05-16 12:05:29,Tesco Free From Pasta - Spaghetti,500g,4.95
600,2020-05-16 12:05:29,Tesco Organic Pasta - Spaghetti,500g,3.45
601,2020-05-16 12:05:29,Naturel Organic Coconut Oil - Extra Virgin,1L,32.9
602,2020-05-16 12:05:29,PRAN Chinigura Aromatic Rice,1kg,4.6
603,2020-05-16 12:05:29,24 Mantra Organic Brown Basmati Rice,1KG,7.6
604,2020-05-16 12:05:29,SCS Pure Creamery Butter Block - Salted,250g,5.95
605,2020-05-16 12:05:29,Mummys - Gold Basmati Rice,5kg,20.8
606,2020-05-16 12:05:29,PRAN Puffed Rice,200g,0.95
607,2020-05-16 12:05:29,Organic Tattva Basmati Rice - White,1kg,7.2
608,2020-05-16 12:05:29,Ambikas - Tanjore Ponni Rice,1kg,2.55
609,2020-05-16 12:05:29,24 Mantra Organic White Basmati Rice,5KG,34.67
610,2020-05-16 12:05:29,Shokaku Premium Rice,2.5kg,10.1
611,2020-05-16 12:05:29,Pasar Malaysia Spring Onion,100g,0.85
612,2020-05-16 12:05:29,Jongga Chilled Rice Cake - Stick,500g,3.2
613,2020-05-16 12:05:29,PRAN Kalijeera Aromatic Rice,1kg,4.6
614,2020-05-16 12:05:29,Lal Qilla Basmati Rice,5KG,24.0
615,2020-05-16 12:05:29,Ambikas - Jeera Rice,5kg,19.0
616,2020-05-16 12:05:29,Kinmemai Japanese Rice - Better White,1kg,9.4
617,2020-05-16 12:05:29,YueJian ShaoXing Hua Tiao Cooking Wine,640ml,3.55
618,2020-05-16 12:05:29,India Gate - Rozanna Basmati Rice,1kg,3.25
619,2020-05-16 12:05:29,Koshihikari Super Premium Japanese Rice,5kg,18.8
620,2020-05-16 12:05:29,Royal Umbrella Thai Hom Mali Rice,2.5kg,9.4
621,2020-05-16 12:05:29,Chang Thai Organic Mixed Brown Rice ,2kg,10.2
622,2020-05-16 12:05:29,Songhe Noble Brown Rice,5kg,20.95
623,2020-05-16 12:05:29,India Gate - Super Basmati Rice,5kg,21.5
624,2020-05-16 12:05:29,Malabar Pakistan Basmati Rice,1kg,3.5
625,2020-05-16 12:05:29,Daawat - Select Basmathi Rice,1kg,5.0
626,2020-05-16 12:05:29,FairPrice Jasmine Fragrant Rice,10kg + free 1kg,14.3
627,2020-05-16 12:05:29,Acenuwara Red Basmathi Rice,907g,6.5
628,2020-05-16 12:05:29,Songhe Jasmine Brown Rice,5kg,16.95
629,2020-05-16 12:05:29,Chang Thai Organic Hom Mali Brown Rice - Crystal,2kg,10.2
630,2020-05-16 12:05:29,UFC Finest Rice Flour,500g,1.2
631,2020-05-16 12:05:29,Ambikas - Jeera Rice,1kg,3.9
632,2020-05-16 12:05:29,Want Want Rice Crackers - Shelly Senbei,72g,1.5
633,2020-05-16 12:05:29,Boxer Brand Rice Wine,160ml,2.8
634,2020-05-16 12:05:29,Songhe Jasmine Brown Rice,1kg,3.9
635,2020-05-16 12:05:29,Daawat Super Basmati Rice - By Sonnamera,6.25KG,21.8
636,2020-05-16 12:05:29,MasterFoods Spices - Chili Flakes,18g,4.6
637,2020-05-16 12:05:29,FairPrice White Pepper - Ground,50g,2.35
638,2020-05-16 12:05:29,Food People 16 Multi Grain Rice,1kg,11.9
639,2020-05-16 12:05:29,Ooty - Ponni Rice,1kg,2.55
640,2020-05-16 12:05:29,24 Mantra Organic Rice Flour,500G,2.03
641,2020-05-16 12:05:29,Daawat - Brown Basmati Rice,5kg,25.2
642,2020-05-16 12:05:29,Ambikas - Palakad Matta Rice,1kg,2.85
643,2020-05-16 12:05:29,Double Horse - Matta Rice,5kg,14.5
644,2020-05-16 12:05:29,Daawat Pulav Basmati Rice - By Sonnamera,1kg,5.35
645,2020-05-16 12:05:29,Daawat Biryani Basmati Rice - By Sonnamera,5kg,29.95
646,2020-05-16 12:05:29,Kirei Daichi Calrose Sushi Grade Pearl Rice,2.27kg,12.0
647,2020-05-16 12:05:29,Maharani Basmati Rice Suitable For Diabetics,5kg,27.1
648,2020-05-16 12:05:29,Daawat Golden Sella Basmati Rice - By Sonnamera,5kg,19.9
649,2020-05-16 12:05:29,Yamasa Tamari Gluten Free Shoyu Japanese Soy Sauce,150ml,6.9
650,2020-05-16 12:05:29,Sakura Brown Rice Noodles - Laksa Bee Hoon,400g,1.35
651,2020-05-16 12:05:29,Lundberg Organic Rice Cakes - Wild Rice (Lightly Salted),241g,6.85
652,2020-05-16 12:05:29,Organic Tattva Organic Sonamasuri Rice Hand Pounded - By Sonnamera,5kg,18.4
653,2020-05-16 12:05:29,Lal Qilla Majestic Extra Long Grain Basmati Rice,20KG,66.0
654,2020-05-16 12:05:29,Lal Qilla Majestic Extra Long Grain Basmati Rice,5KG,18.2
655,2020-05-16 12:05:29,Lal Qilla Basmati Rice - Suitable For Diabetes And Obesity,5kg,29.2
656,2020-05-16 12:05:29,Daawat Chef's Secretz Classic Basmati Rice - By Sonnamera,5kg,19.8
657,2020-05-16 12:05:29,Ceres Organics Brown Rice Cakes Original,110g,4.5
658,2020-05-16 12:05:29,Lundberg Organic Brown Rice - California Basmati,907g,9.3
659,2020-05-16 12:05:29,SunRice Brown Rice Chips - Parmesan & Sundried Tomato,156g,4.95
660,2020-05-16 12:05:29,Luo Ba Wang Spicy Snail Rice Noodle,315G,5.0
661,2020-05-16 12:05:29,Lundberg Organic Rice Cakes - Brown Rice (Salt-Free),241g,6.85
662,2020-05-16 12:05:29,Papa Rice Vermicelli Clear Soup,5s x 55g,3.2
663,2020-05-16 12:05:29,Nature's Nutrition Organic Red Quinoa,500g,13.9
664,2020-05-16 12:05:29,Heinz Packet Broth - Chicken,1L,4.15
665,2020-05-16 12:05:29,Mitoku Rice Cakes - Teriyaki,150g,8.5
666,2020-05-16 12:05:29,Sing Long Black Rice Vinegar,750ML,5.5
667,2020-05-16 12:05:29,Asian Home Gourmet Spice Paste - Thai Pineapple Rice,50g,2.55
668,2020-05-16 12:05:29,Cosmos Sweet Honey Rice Snack,110G,2.6
669,2020-05-16 12:05:29,Lundberg Organic Rice Cakes - Amari with Seaweed,241g,6.85
670,2020-05-16 12:05:29,Singlong Sauce - Chicken 'n' Rice Chili ,250g,2.2
671,2020-05-16 12:05:29,Takara Mirin Japanese Sweet Cooking Rice Wine,300ml,5.1
672,2020-05-16 12:05:29,Hamaotome Golden Sesame Furikake Japanese Rice Seasoning,50G,2.9
673,2020-05-16 12:05:29,"Now Foods, Real Food, Organic, Wild Rice",227 g,15.9
674,2020-05-16 12:05:29,AAA Brown Rice Vermicelli,500g,2.65
675,2020-05-16 12:05:29,Organic Tattva Organic Sonamasuri Rice Brown - By Sonnamera,5KG,16.0
676,2020-05-16 12:05:29,Organic Tattva Organic Sonamasuri Rice Brown - By Sonnamera,1KG,3.2
677,2020-05-16 12:05:29,Tiger Brand Rice Stick Bihon,250g,1.85
678,2020-05-16 12:05:29,Gold Ribbon Chocolate Rice,150g,2.3
679,2020-05-16 12:05:29,Bake King Rice Waffle Mix,250g,4.2
680,2020-05-16 12:05:29,Sakura Brown Rice Noodles - Flat Hokkien,400g,1.4
681,2020-05-16 12:05:29,Ceres Organics Rice Bites Coconut Box,100g,4.2
682,2020-05-16 12:05:29,Boxer Brand Rice Wine,320ml,5.7
683,2020-05-16 12:05:29,Yue Jian Cooking Wine - Shao Xing Hua Tiao Chiew,375ml,2.55
684,2020-05-16 12:05:29,Shahi Golden Cumin Powder,2 x 250g,7.0
685,2020-05-16 12:05:29,Hao Huan Luo Snail Rice Noodle,400G,5.0
686,2020-05-16 12:05:29,Buontempo Rice Spirals,500G,5.8
687,2020-05-16 12:05:29,Dancing Chef Paste - Pineapple Rice,100g,2.85
688,2020-05-16 12:05:29,Hsin Chu Rice Noodles - Pumpkin,200g,4.2
689,2020-05-16 12:05:29,Pureharvest Organic Rice Milk ,1L,4.05
690,2020-05-16 12:05:29,Ottogi Tasty Cooked Rice,210G,2.5
691,2020-05-16 12:05:29,Buontempo Rice Penne,500G,5.8
692,2020-05-16 12:05:29,Mekhala Organic Black Rice,1kg,10.5
693,2020-05-16 12:05:29,Ooty - Premium Ponni Rice,5kg,10.5
694,2020-05-16 12:05:29,Betamore Low GI Premium Fragrant Rice,700g,5.0
695,2020-05-16 12:05:29,Kong Guan Boneless Chicken Glutinous Rice,135g,1.1
696,2020-05-16 12:05:29,Mekhala Organic Brown Rice,1kg,8.8
697,2020-05-16 12:05:29,Shokkyo Hotaru no Sato &#x2d; Hiroshima Koshi Hikari Rice Pack,200G,2.9
698,2020-05-16 12:05:29,Table Mark TOKUMORI Great Size Gohan Rice Pack (1 serving),300G,3.35
699,2020-05-16 12:05:29,Chilli Brand Red Rice Vermicelli,400g,1.95
700,2020-05-16 12:05:29,Patanjali Lashkari Kolam Rice,5kg,10.75
701,2020-05-16 12:05:29,Nishiki Premium Grade Rice ,2.5kg,12.25
702,2020-05-16 12:05:29,Devaaya Poha (Rice Flakes),500G,1.95
703,2020-05-16 12:05:29,Ceres Organics Rice Bites Sour Crm & Chives Box,100g,4.2
704,2020-05-16 12:05:29,BetamoreLow GI Premium Fragrant Rice,5KG,18.9
705,2020-05-16 12:05:29,Koala Super Premium Japonica Rice,5kg,10.9
706,2020-05-16 12:05:29,Kohinoor Basmati Rice - Extra Flavour,5kg,25.6
707,2020-05-16 12:05:29,Kohinoor Basmati Rice - Extra Flavour,1kg,6.3
708,2020-05-16 12:05:29,Red Chef Instant Rice Vermicelli and Noodle - Spicy Sakura Prawn,115g,2.95
709,2020-05-16 12:05:29,FairPrice Instant Fresh Japanese Udon ,200g (3 per pack),2.6
710,2020-05-16 12:05:29,Prima Taste Ready Meal - Curry Chicken with Rice,260g,6.7
711,2020-05-16 12:05:29,APE Coconut And Rice Puffs - Thai Chilli,2 x 25g,5.0
712,2020-05-16 12:05:29,APE Coconut And Rice Puffs - Salted,2 x 25g,5.0
713,2020-05-16 12:05:29,Pasar Raw Peanuts,800g,4.65
714,2020-05-16 12:05:29,Vina Pho Rice Noodle,200g,1.6
715,2020-05-16 12:05:29,Ambikas - Kuthiraivali Rice,1kg,4.3
716,2020-05-16 12:05:29,Chilli Brand Rice Vermicelli - Fish Head,400g,1.5
717,2020-05-16 12:05:29,24 Mantra Organic Red Rice,1KG,4.92
718,2020-05-16 12:05:29,Mekhala Organic Red Ruby Rice,1kg,8.8
719,2020-05-16 12:05:29,Suma Organic Brown Rice Penne,500g,9.9
720,2020-05-16 12:05:29,Musenmai Macro Beauty The Premium Genmai Brown Rice - Kirei,1&#x2e;4KG,19.8
721,2020-05-16 12:05:29,Origins Healthfood Brown Rice Vermicelli,400g,2.9
722,2020-05-16 12:05:29,Tesco Organic Mayonnaise,250ml,4.15
723,2020-05-16 12:05:29,Pasar Dried Red Dates - Seedless (Big),150g,2.35
724,2020-05-16 12:05:29,Suma Organic Brown Rice Fusilli,500g,9.9
725,2020-05-16 12:05:29,Prima Taste Ready Meal - Beef Rendang with Rice,260g,6.7
726,2020-05-16 12:05:29,Kingodo Smoked Soy Sauce Japanese Rice Crackers Senbei],95G,6.8
727,2020-05-16 12:05:29,Sato Gohan Koshi Hikari Oomori Japan Ready Rice Pack,300g,4.85
728,2020-05-16 12:05:29,Table Mark TOKUMORI Great Size Gohan Rice Pack (3 servings),3 X 300G,8.9
729,2020-05-16 12:05:29,Kirei Kagawa Ready-to-eat Gohan Japanese Rice Pack,600g,8.8
730,2020-05-16 12:05:29,Triangle White Wheat,400G,1.3
731,2020-05-16 12:05:29,Pasar Agar Agar Strip,30g,1.8
732,2020-05-16 12:05:29,Prima Taste Ready Meal - Chicken Claypot Rice,260g,6.7
733,2020-05-16 12:05:29,Mishima Rice Seasoning,45g,5.6
734,2020-05-16 12:05:29,Pasar Dried Red Dates,100g,0.9
735,2020-05-16 12:05:29,Pasar Herbal Soup - Dun Ji Tang,105g,5.8
736,2020-05-16 12:05:29,Asian Home Gourmet Spice Paste - Cantonese Claypot Rice,50g,2.55
737,2020-05-16 12:05:29,Kooksoondang Raspberry Rice Wine,360ml,10.7
738,2020-05-16 12:05:29,Pasar Herbal Soup - Ren Shen Dun Ji Tang,145g,6.95
739,2020-05-16 12:05:29,Kang Kang Wholegrain Fresh Kway Teow,450g,2.45
740,2020-05-16 12:05:29,Suma Gluten Free Corn Rice Penne,500g,9.9
741,2020-05-16 12:05:29,Takara Organic Hon Mirin Rice Wine,500ml,12.8
742,2020-05-16 12:05:29,Pasar Herbal Soup - Huo Guo Yao Cai Tang,88g,5.95
743,2020-05-16 12:05:29,Takara Mirin Japanese Sweet Cooking Rice Wine,1L,10.5
744,2020-05-16 12:05:29,24 Mantra Anc Grains Barnyard Millet,500G,4.71
745,2020-05-16 12:05:29,Pasar Dried Scallop,150g,9.95
746,2020-05-16 12:05:29,Rachel's Organic Twin Traditional Creamy Rice Pudding Twinpack,300G,7.2
747,2020-05-16 12:05:29,Pasar Dried China Mushroom - Sliced,100g,3.15
748,2020-05-16 12:05:29,Morita Ryori Shu Japanese Cooking Sake Rice Wine,500ml,7.5
749,2020-05-16 12:05:29,Hamamaruki Shio Koji Japanese Fermented Rice Paste Seasoning,230g,7.5
750,2020-05-16 12:05:29,Namisato Japanese Rice Powder Gluten Free Tempura Powder,500g,6.8
751,2020-05-16 12:05:29,Absolute Organic Mixed Quinoa,400G,15.9
752,2020-05-16 12:05:29,YUAN JIN Aged Rice Vinegar,600ml,10.9
753,2020-05-16 12:05:29,Papatan Natural Brown Rice Cereal Drink,7 x 32g,8.9
754,2020-05-16 12:05:29,Aachi - Tomato Rice Powder,200g,3.15
755,2020-05-16 12:05:29,Buontempo Rice Small Shells,500G,5.8
756,2020-05-16 12:05:29,Ildong Rice Biscuit - Banana,30g,6.9
757,2020-05-16 12:05:29,Manimark - Puffed Rice Balls,80g,1.25
758,2020-05-16 12:05:29,Fortune Basmati Rice,1kg,4.9
759,2020-05-16 12:05:29,Pagoda Pure Cooking Sea Salt,1kg,2.95
760,2020-05-16 12:05:29,Bhd Buja Premium Rice Wine - Original,375ml,12.0
761,2020-05-16 12:05:29,FairPrice Olive Oil - Rich & Fruity,500ml,8.2
762,2020-05-16 12:05:29,Kang Kang Wholegrain Fresh Hokkein Noodles,450g,2.45
763,2020-05-16 12:05:29,FairPrice Black Pepper - Ground,25g,1.85
764,2020-05-16 12:05:29,Pasar Dried Split Fish,300g,5.75
765,2020-05-16 12:05:29,Samlip Fresh Udon,200g,0.8
766,2020-05-16 12:05:29,Shahi Golden Puffed Rice (Mamra) - By Shivsagar Trading,4 x 250g,4.8
767,2020-05-16 12:05:29,King Soba Organic Thai Rice Noodles,250G,7.9
768,2020-05-16 12:05:29,King Soba Organic Brown Rice Suparamen Noodle,84G,7.9
769,2020-05-16 12:05:29,King Soba Organic Black Rice Noodles,250G,6.9
770,2020-05-16 12:05:29,Clearspring Organic Japanese Brown Rice Miso (Mini),150G,10.9
771,2020-05-16 12:05:29,Clearspring Organic 100 Percent Brown Rice Noodles,200G,7.9
772,2020-05-16 12:05:29,Hikari Miso Organic Paste - Brown Rice,400g,5.95
773,2020-05-16 12:05:29,JIA LE Original Brown Rice Wafer,250g,5.8
774,2020-05-16 12:05:29,Kitchen & Love Rice Bran Oil,750ml,9.8
775,2020-05-16 12:05:29,S&amp;B Golden Hayasi Rice Sauce,88G,4.7
776,2020-05-16 12:05:29,Shahi Golden Sago,2 x 500g,5.6
777,2020-05-16 12:05:29,Pasar Dried Oyster,150g,9.75
778,2020-05-16 12:05:29,Gemini Brand Brown Red Poha (Brown Red Rice Flakes),500g,2.8
779,2020-05-16 12:05:29,Eco Organics Black Rice Fussili,200g,7.6
780,2020-05-16 12:05:29,Bunny Nature Rice Flakes & Vegetables,80g,7.5
781,2020-05-16 12:05:29,Clearspring Organic Rice Malt Syrup,330G,12.9
782,2020-05-16 12:05:29,Alfa One Rice Bran Oil,1L,12.9
783,2020-05-16 12:05:29,Pacific Organic Non-Dairy Beverage - Rice (Vanilla),946ml,5.3
784,2020-05-16 12:05:29,Wai Wai Instant Rice Vermicelli - Crab,5 x 55g,1.75
785,2020-05-16 12:05:29,Mitoku Nagata Organic Brown Rice Kukicha,20g,5.9
786,2020-05-16 12:05:29,Way Premium Singapore Hainan Chicken Rice Sauce,150g,6.8
787,2020-05-16 12:05:29,Yamasa Japanese Sweet Soya Sauce for Rice,200ml,5.3
788,2020-05-16 12:05:29,King Soba Organic 100% Brown Rice Noodles,250G,6.5
789,2020-05-16 12:05:29,Clearspring Organic Japanese Brown Rice Vinegar,150ML,6.5
790,2020-05-16 12:05:29,Da Boss Hot And Sour Rice Noodles,2 x 145G,6.0
791,2020-05-16 12:05:29,My Kuali Instant Rice Vermicelli Soup - Penang Hokkien Prawn,120g,2.0
792,2020-05-16 12:05:29,Marukome Japan Shio Koji Fermented Rice Yeast Seasoning,500ML,6.8
793,2020-05-16 12:05:29,Wakabato Kani Chips (Crab Flavoured Crackers),50g,3.3
794,2020-05-16 12:05:29,Kingodo Horo Horo Yaki Senbei Awajio (Sea Salt Cracker),157G,7.1
795,2020-05-16 12:05:29,Orgran Gluten Free Pasta -Vegetable Rice (Spirals),250g,5.1
796,2020-05-16 12:05:29,Marumiya Ebi Shrimp Seaweed Furikake Japanese Rice Topping,31g,3.4
797,2020-05-16 12:05:29,Marumiya Tarako Cod Roe Furikake Japanese Rice Topping,31g,3.4
798,2020-05-16 12:05:29,GRB - Gulab Jamun,500g,2.7
799,2020-05-16 12:05:29,GRB - Butterscotch,100g,1.6
800,2020-05-16 12:05:29,GRB - Pineapple Soan Cake,100g,1.6
801,2020-05-16 12:05:29,GRB - Soan Cake,100g,1.6
802,2020-05-16 12:05:29,GRB - Ghee Mysore Pak,250g,5.5
803,2020-05-16 12:05:29,GRB - Butterscotch,200g,2.8
804,2020-05-16 12:05:29,GRB - Soan Cake,200g,2.8
805,2020-05-16 12:05:29,GRB - Pineapple Soan Cake,200g,2.8
806,2020-05-16 12:05:29,Pacific Organic Broth - Free Range Chicken,946ml,7.65
807,2020-05-16 12:05:29,La Finestra Sul Cielo Organic Gluten Free Brown Rice Drink,1L,8.5
808,2020-05-16 12:05:29,La Finestra Sul Cielo Organic Neron Rice Drink Gluten Free,1L,10.6
809,2020-05-16 12:05:29,Now Foods Organic Quinoa Macaroni Gluten-Free,227g,9.9
810,2020-05-16 12:05:29,FairPrice Salt - Fine,10 x 250g (CTN),2.25
811,2020-05-16 12:05:29,Alfa One Rice Bran Oil,500ML,6.9
812,2020-05-16 12:05:29,Biona Organic Brown Rice Syrup,350G,12.9
813,2020-05-16 12:05:29,Pure Harvest Rice Malt Syrup,500ml,8.9
814,2020-05-16 12:05:29,Ban Hock Traditional Rice Vermicelli,400g,1.95
815,2020-05-16 12:05:29,FairPrice Instant Noodles - Curry,5 x 70g,1.45
816,2020-05-16 12:05:29,Suma Organic Red Quinoa,500g,12.9
817,2020-05-16 12:05:29,Suma Organic Quinoa,500g,18.9
818,2020-05-16 12:05:29,Verival Organic European Cous Cous - by Foodsterr,500g,5.9
819,2020-05-16 12:05:29,Foodsterr Peruvian Tri-color Quinoa,500g,9.9
820,2020-05-16 12:05:29,24 Mantra Organic Quinoa,2LBS,12.63
821,2020-05-16 12:05:29,Shahi Golden Fasting Grains- Moraiyo,3 x 200g,5.4
822,2020-05-16 12:05:29,Kirkland Signature Coarse Ground Malabar Black Pepper,359g,11.5
823,2020-05-16 12:05:29,Kingodo ARIGATO KIMOCHI Japanese Heart Shape Senbei,122G,5.4
824,2020-05-16 12:05:29,Clearspring Gluten-Free Brown Rice Breadcrumbs,250G,11.9
825,2020-05-16 12:05:29,Doves Farm Freee Organic Maize & Rice Lasagne Sheets,250g,9.9
826,2020-05-16 12:05:29,King Brewery Japan Kaori Hanayagu Junmai Sake Rice Wine,300ml,17.5
827,2020-05-16 12:05:29,Kingodo Horo Horo Yaki Senbei Amakuchi (Sweet Soy Cracker),157G,7.1
828,2020-05-16 12:05:29,King Soba Organic Pumpkin Ginger And Rice Noodles,250G,7.9
829,2020-05-16 12:05:29,King Soba Organic Brown Rice And Wakame Noodles,250G,7.9
830,2020-05-16 12:05:29,Clearspring Organic 100 Percent Brown Rice Wide Noodles,200G,9.9
831,2020-05-16 12:05:29,La Finestra Sul Cielo Organic Gluten Free Rice Drink,1L,8.5
832,2020-05-16 12:05:29,Doves Farm Organic Gluten Free Maize & Rice Tortiglioni,500g,8.3
833,2020-05-16 12:05:29,Danongwon Tea Garden Tea Bags - Brown Rice Green Tea,50 x 1.3g,5.9
834,2020-05-16 12:05:29,Orgran Gluten Free Crispi Crumbs Breadcrumbs - Rice,300g,5.3
835,2020-05-16 12:05:29,Orgran Gluten Free Pasta - Rice & Millet (Spirals),250g,5.1
836,2020-05-16 12:05:29,Pasar Herbal Soup - Ren Shen Dun Ji Tang,145g,6.95
837,2020-05-16 12:05:29,Hamaotome Ume Konbu Furikake Japanese Rice Topping,20G,3.65
838,2020-05-16 12:05:29,Now Foods Real Food Organic Quinoa Penne Quinoa & Rice Pasta,227g,9.9
839,2020-05-16 12:05:29,Pasar Dried Split Fish,100g,2.2
840,2020-05-16 12:05:29,Eco Organics Brown Rice Pad Thai,200g,7.6
841,2020-05-16 12:05:29,Morita Ryori Shu Japanese Cooking Rice Wine,1L,13.8
842,2020-05-16 12:05:29,Hao Huan Luo Crayfish Flavour Snail Rice Noodle,320G,6.0
843,2020-05-16 12:05:29,GRB Ghee Jar,500ml,8.0
844,2020-05-16 12:05:29,Pasar Dried Lily Flower,80g,2.55
845,2020-05-16 12:05:29,Mikawa Japanese Rice Wine Seasoning,150ML,4.85
846,2020-05-16 12:05:29,Bhd Buja Premium Rice Wine - Grape,375ml,12.0
847,2020-05-16 12:05:29,Pasar Premium Dried Mushroom - White Flower,200g,11.5
848,2020-05-16 12:05:29,24 Mantra Anc Grains Foxtail Millet,500G,3.96
849,2020-05-16 12:05:29,Pasar Herbal Soup - Du Zhong Bu Yao Tang,125g,4.15
850,2020-05-16 12:05:29,Adabi Paste - Fried Rice,120g,1.55
851,2020-05-16 12:05:29,Sing Long Black Rice Vinegar,375ml,3.05
852,2020-05-16 12:05:29,FairPrice White Pepper - Ground,25g,1.95
853,2020-05-16 12:05:29,FairPrice Black Pepper - Seed,80g,3.55
854,2020-05-16 12:05:29,Bhd Buja Premium Rice Wine - Original,375ml,12.0
855,2020-05-16 12:05:29,Alfa One Rice Bran Oil Spray,225G,7.3
