,Item,Price,Rating
0,[MediHeal - NEW] Bubble Tox Serum Mask | Sheet Mask | Whitening | Soothing | Face Mask | Hyunbin,S$5.90,Rating:(5/5)
1,[THEFACESHOP] The Solution Face Mask 20g*5ea / Mask Sheet,S$10.90,Rating:(5/5)
2,✔️ 3Ply Earloop Surgical Face Mask x 50pcs Masks - 3 Ply Adult - 50pcs/Box Passion Home,S$12.90,Rating:(5/5)
3,Brand:BCL,S$18.50,Rating:(5/5)
4,Brand:Aztech,S$12.50,Rating:(5/5)
5,10pcs 4D Face Lifting Mask Double V Face Shape Tension Firming Mask Facial Slimming Chin Cheek Neck,S$36.20,Rating:(1/5)
6,[QUEEN Taiwan] Perfect One 1 minute Morning Face Mask 32 sheets / free shipping / Direct from Japan,S$51.00,Rating:(1/5)
7,LANBENA Clay Face Mask 1.76 fl oz(52ML)/Refreshing Anti-Aging Deep Cleaning Remove Grease Shrink,S$6.90,Rating:(3/5)
8,[FREE Delivery] WOUWOU Eye Cream | Face Cream | Face Mask | Face Cleanser,S$29.00,Rating:(3/5)
9,4 Ply Multi layer Face Mask N95 NIOSH Certified,S$4.00,Rating:(5/5)
10,Comfortable Disposable Mask 50 pcs/Face Mask /Portable Mask /Face Mask,S$25.90,Rating:(5/5)
11,Silk Cloth Mask Washable mask REUSABLE Mask haze mask Women Face masks eye mask sleep,S$9.99,Rating:(3/5)
12,★1+1 DEAL★TAKAGI face mask activated carbon filter / 30 piece x 2/ In stock,S$34.60,Rating:(5/5)
13,10 PCS KN95 Adult Mask Face Masks,S$29.90,Rating:(5/5)
14,[DADAMOA] Facial pressure mask / DA005 / Beauty Face line maker / Diet Lifting band / jaw line,S$19.90,Rating:(5/5)
15,Borghese Fango Brillants (Brightening Mud Mask Face &amp  Body) 430ml/17.6oz,S$92.10,Rating:(3/5)
16,Lab Med - 3-Ply Surgical Face Mask 50pcs | Passed MDD Lab Tests,S$36.90,Rating:(0/5)
17,【NEW!】S-LABO rice face mask 10 sheets - Made in Japan | Authentic reseller,S$9.90,Rating:(0/5)
18,Brand:Fresh,S$19.00,Rating:(1/5)
19,Incarose Extra Pure Hyaluronic Face Mask Classic Plus 17ml,S$15.00,Rating:(0/5)
20,Pro Salon Haircut Face Mask Shield Sponge Handle Face Protector Hairspray Mask Hair Styling Tools Ac,S$4.92,Rating:(2/5)
21,Full Face Diving Mask Anti-fog Snorkeling Mask Underwater Scuba Spearfishing Mask Children/Adult Gla,S$22.63,Rating:(3/5)
22,THE FACE SHOP REAL NATURE MASK SHEET,S$1.50,New
23,▶$1 Shop Coupon◀  KOLIGHT Anti Wrinkle Half Face Slimming Cheek Mask Lift V Face Line Slim up Belt S,S$43.12,Rating:(0/5)
24,▶$1 Shop Coupon◀  Skin Clearing Acne Spot Treatment and Face Mask – Natural and Fast-Acting Witch Ha,S$48.82,Rating:(0/5)
25,3 ply face masks CE FDA Certified SG READY STOCK!,S$25.00,Rating:(0/5)
26,▶$1 Shop Coupon◀  Celavi Round Collagen Face Facial Sheet Mask (12PC) Set (Anti-aging Set),S$37.34,Rating:(0/5)
27,"▶$1 Shop Coupon◀  V Line Shape Face Lifting Mask, (7 Pcs) Double Chin Reducer, Chin Up Patch Lifting",S$39.26,Rating:(0/5)
28,▶$1 Shop Coupon◀  Mineral-Rich Magnetic Face Mask Pore Cleansing Removes Skin Impurities with Iron B,S$66.25,Rating:(0/5)
29,▶$1 Shop Coupon◀  Moisturizing Face Mask Sheet Enriched with Natural Serum for Radiant and Nourished,S$43.08,Rating:(0/5)
30,"▶$1 Shop Coupon◀  Face Mask Mixing Bowl Set, Anezus 11 Pcs DIY Facemask Mixing Tool Kit with Facial",S$41.19,Rating:(0/5)
31,"▶$1 Shop Coupon◀  Kat Burki Complete B Vital Hydration Face Mask, 4.4 oz",S$168.97,Rating:(0/5)
32,"▶$1 Shop Coupon◀  Aria Starr Dead Sea Mud Mask For Face, Acne, Oily Skin & Blackheads - Best Facial",S$56.53,Rating:(0/5)
33,▶$1 Shop Coupon◀  RemZzzs Full Face Cpap Mask Liners (K2-FM) - Reduce Noisy Air Leaks and Painful Bl,S$78.06,Rating:(0/5)
34,SG READY STOCK - 50 Pieces 3-Ply Disposable Sanitary Face Mask  ( FDA Certified),S$59.90,Rating:(0/5)
35,-INSTOCK- 50pcs 3 ply Surgical Mask | Face Mask | Facial Mask | Disposable Mask,S$18.00,Rating:(0/5)
36,3ply Disposable Face Masks - Ready Stock. Ship out 2 - 4 working days,S$39.00,New
37,Brand:ROHTO,S$24.30,Rating:(0/5)
38,La Pitta V-NINE LED MASK / FACE MASSAGER / FACE LINE CARE / SKIN CARE / LED MASK,S$224.00,Rating:(0/5)
39,Brand:DERMAL,S$91.00,Rating:(0/5)
40,[FREE Face Mask] Wowo Hair Care Series Pure Ginger Hair Shampoo,S$25.00,Rating:(0/5)
41,Strict Leather Upper Face Mask - ADULT SEX TOY,S$87.20,Rating:(0/5)
42,1lot =2pcs Gold Snail Eye Cream Dark Circles Wrinkles +Gold Snail Face Cream Anti Aging Moisturizing,S$12.98,Rating:(0/5)
43,Best Anti aging cream anti wrinkle face lift instantly ageless eyes wrinkle remover face care eyebag,S$12.00,Rating:(0/5)
44,Kneiya nano spray hydrating instrument spray steam face beauty instrument,S$15.90,Rating:(0/5)
45,12 in 1 Multifunction Electrical Facial Cleansing Brush Face Body Massager Kit High Quality,S$16.16,Rating:(0/5)
46,wholesale Sale Unisex Women Men Multicolor Magic Fashion Head Face Mask Neck Gaiter Snood Headwear M,S$9.50,Rating:(0/5)
47,[Saborino] Morning Face Mask / Minty Grapefruit Refreshing 32Pcs,S$28.90,Rating:(0/5)
48,Purchasing Philippine poetry Shop The face shop in Korea plant 40ML sunscreen milk across the Green,S$15.74,Rating:(0/5)
49,Outdoor Cycling Face Mask Magic Scarf Windproof Sunproof Seamless Variety For Cycling Climbing,S$11.91,Rating:(0/5)
50,Halloween Orangutan Mask Ape Monkey Pattern Scary Lifelike Full Face Mask Halloween Party Funny Prop,S$21.90,Rating:(0/5)
51,2pcs LAIKOU MATCHA mud mask Face Masks Acne treatment Accuse oil blackhead removal deep pores cleans,S$32.60,Rating:(0/5)
52,100ml Skin Care Face Mask for Blackberry Blackhead Remover Black Head Pore Removal,S$10.02,Rating:(0/5)
53,red pomegranate Radiance for face Masks replenishment shrink pores skin care cosmetics facial mask f,S$4.00,Rating:(0/5)
54,【SALE】100% Authentic! ✮ Set of 11 Packs Mask ✮ Bioaqua Face Eye Neck Masks♥ Whitening*Brightening*,S$6.80,Rating:(0/5)
55,Face Cleansing Mung Bean Mud Peeling Acne Blackhead Treatment Mask Remover Contractive Pore Whitenin,S$12.00,Rating:(0/5)
56,Face Care Suction Black Mask Facial Mask Nose Blackhead Remover Peeling Peel Off Black Head Acne Tre,S$4.33,Rating:(0/5)
57,4 bottles Argireline Collagen serum silk mask instantly ageless face lift serum anti wrinkle liquid,S$69.90,Rating:(0/5)
58,120ml 24K golden mask Anti wrinkle anti aging mascara facial mask face care whitening face masks ski,S$13.98,Rating:(0/5)
59,Green Tea Collagen Eye Mask Face Care Ageless Anti Aging Eye Bags Dark Circles Moisturizing Whitenin,S$27.48,Rating:(0/5)
60,Bamboo Charcoal Face Care Black Mud Cleansing Suction Mask Peel Off Facial Mask Nose Blackhead Remov,S$8.80,Rating:(0/5)
61,Gold Aquagel Collagen Eye Mask Sleep Mask Eye Patches Dark Circles Face Care Mask To Face Skin Care,S$39.78,Rating:(0/5)
62,Face Skin Care Black Mud Bamboo Charcoal Mask Blackhead Remover Deep Clean Peel Off Mud Masks,S$10.52,Rating:(0/5)
63,1pcs 24K Gold Collagen Face Mask Moisturizing Anti-Aging Anti Wrinkle Whitening Sheet Mask for the F,S$7.12,Rating:(0/5)
64,Calman Nien mask， acid， fine skin， compact white face mask， moisturizing， moisturizing， moisturizing,S$18.00,Rating:(0/5)
65,Airsoft Paintball Full Face Protection Skull Mask Outdoor Tactical Gear Captain,S$88.20,Rating:(0/5)
66,AFY 50g Black Mask Face Mask Blackhead Remover Cleansing Purifying the Black Head Acne Treatments Fa,S$4.99,Rating:(0/5)
67,Argiletz Red Clay Face Mask 100g,S$15.00,Rating:(0/5)
68,10pcs/lot BIOAQUA Natural Aloe Vera Gel Face Mask Skin Care Moisturizing Oil Control Wrapped Mask,S$16.39,Rating:(0/5)
69,V little face-lift face-lift artifact bandage mask face-lift face-lift with a thin masseter Japanese,S$50.39,Rating:(0/5)
70,Stylish V for Vendetta Face Mask Costume Halloween Christmas Masks,S$11.61,Rating:(0/5)
71,Breathable Chiefs Rattlesnake Cam Tactical Mask Airsoft Paintball Full Face Mask Motorcycle Cycling,S$8.70,Rating:(0/5)
72,skin SnazII Free shipping Face Blackhead Remover Mask Deep Cleansing Purifying the Black Head Acne T,S$198.00,Rating:(0/5)
73,Every time the US home makeup face mask headgear cartoon rabbit ears headband sports headband beauty,S$6.90,Rating:(0/5)
74,100 pcs/lot Natural bamboo fiber mask paper Skin Face Care DIY Facial Paper Cotton Mask,S$7.40,Rating:(0/5)
75,2016 Hot Sale Skin Care Face Makeup 24k Active Gold Mask Powder Facial Mask Spa For Moisturizing &am,S$4.52,Rating:(0/5)
76,Beauty Sleep Colageno Face Mask Pigskin Collagen Facial Mask Anti Aging Anti-acne Whitening Moisturi,S$8.38,Rating:(0/5)
77,Magical broken ice silk ice film capsule face care mask soothing rejuvenation senium moisturizing as,S$12.58,Rating:(0/5)
78,[The Face Shop]  Aqua Refreshing Black Face Mask 28ml,S$4.50,Rating:(0/5)
79,SG READY STOCK♥3PLY DISPOSABLE FACE MASK/SURGICAL MASK/MEDICAL MASK BFE95%,S$27.90,Rating:(0/5)
80,Multi-function Scarf Outdoor Skull Face Masks Ski Cycling Headband Neck Bandana Scarf 1PCS,S$4.12,Rating:(0/5)
81,uRadiant Face Mask - 15 G,S$29.00,Rating:(0/5)
82,Hot 1pcs Gold Collagen Crystal Face Masks Anti Ageing Skin Care Facial Mask,S$6.28,Rating:(0/5)
83,FACE SHIELD,S$4.90,New
84,BENRO thin face with V face artifact melon seed face bandage mask tightly lifted to double chin law,S$26.00,New
85,100pcs Disposable Face Masks Replacement Filtering Pad Breathable Mask Gasket Skin Friendly Respirin,S$37.00,New
86,Pixie Collagen Plumping Face Mask 45ml,S$56.63,Rating:(0/5)
87,Anti-fog Plastic Transparent Mask Head-mounted Cover Full Face Protection Anti Spit Splash,S$9.00,New
88,50PCS Disposable KN95 Mask Mouth Face Filtration Cotton Mouth Masks Anti-Dust Filter Against Droplet,S$198.00,New
89,face care YUNIFANG ROSE FACIAL MASK mineral silk mask hydrating moisturizing brightening whitening 3,S$59.96,Rating:(0/5)
90,Pore Tightening Radiance Clay Pack Skin Face Cleansing Care K-Beauty Korean Cosmetics,S$27.00,New
91,Protective mask/kitchen protective mask cooking oil spill mask face anti-fog transparent mask anti-s,S$7.90,Rating:(0/5)
92,Outdoor Riding Windproof Cycling Sport Mountaineering Ski Face Mask,S$33.00,New
93,Unisex 3-Layers Non-woven Face Masks Anti Dust Mouth Nose Cover Anti Bacterial Anti-fog and haze,S$33.00,New
94,[USA Shipping] Willa Girl Cucumber Face Mask .25oz (Pack of 6 Envelopes),S$27.60,New
95,Face Mask Light Elastic Cotton Rope Ear Hanging Type Anti-dust Respirator Masks Capable of Freely Fi,S$161.53,Rating:(0/5)
96,"[USA Shipping] nügg Watermelon Face and Sleep Mask with Watermelon Extract, Hyaluronic Acid and Glac",S$34.10,New
97,[USA Shipping] Sam Smith Mouth Mask Face Mask for Men and Women Half Face Mask Washable Reusable Mas,S$34.10,New
98,"[USA Shipping] LATS BRAND Face Moisturizer Facial Sheet Mask Infused With Aloe,TeaTree,Avocado,Vitam",S$28.48,New
99,[USA Shipping] Celavi Essence Facial Face Mask Paper Sheet Korea Skin Care Moisturizing 12 Pack (Mix,S$34.16,Rating:(0/5)
100,"[USA Shipping] PHYKOLOGY Seaweed Bubble Clay Mask Korean Face Mask with Premium Pink Clay, Bentonite",S$45.40,Rating:(0/5)
101,"[USA Shipping] SKIN1004 Zombie Pack - Wash off Face Mask for Aging Skin, Fine Lines Wrinkles, Enlarg",S$55.99,New
102,"[USA Shipping] Noverlife Anti-aging Face Lift Mask, Inflatable Airbag Anti-wrinkle Face-lifting Belt",S$39.69,New
103,[USA Shipping] LALAFOX Pearl Premium Face Mask - 7 Pack Bundle – Daily Skin Facial Beauty Products,S$52.52,New
104,[USA Shipping] QsQueen 100 PCS Cosmetic Spatula for Makeup Face Mask Plastic Spoon Disposable Makeup,S$29.03,Rating:(0/5)
105,[USA Shipping] 2019 V-Shape Face Chin Slimming Mask Miracle Slimmer Shaper,S$30.29,New
106,[USA Shipping] TreeActiv Microdermabrasion Face Mask - Home Treatment for Crepey Skin | Facial Scrub,S$58.01,New
107,"[USA Shipping] Mud Rosa Hydrating Face Mask - Australian Clay Mask With Kakadu Plum, Kaolin Clay, Ro",S$76.63,New
108,[USA Shipping] Kaeng Raeng Cleansing Clay Detoxifying Charcoal Face Mask (2 oz),S$48.84,New
109,[USA Shipping] Reshma Beauty ,S$30.29,New
110,[USA Shipping] Dead Sea Algimud Active Seaweed Face Mask 25g,S$25.66,New
111,[USA Shipping] Organic All Natural Collagen Mask for Face (35g x 5 pcs),S$67.37,New
112,[USA Shipping] Montagne Jeunesse Cucumber Peel Off Face Mask (2 Pack),S$26.59,New
113,[USA Shipping] nügg Face Mask Combo Pack of 6 Gel Face Masks  for All Skin Types,S$52.52,New
114,"[USA Shipping] Whish Renewing Mud Mask - Face mask, Removes dead skin, Exfoliator, Natural and Organ",S$104.42,New
115,Adjustable Clear Face Visor Mask Shield Safety Workwear Eye Protection Gardening,S$17.90,Rating:(0/5)
116,VIP Only 4d face mask 1pcs 2PCS 6PCS 10PCS,S$20.00,Rating:(0/5)
117,LED Facial Mask Therapy 7 colors Light Photon Face Skin Care Rejuvenation Wrinkle Acne Removal Face,S$48.00,Rating:(0/5)
118,Brand:DERMAL,S$41.00,Rating:(0/5)
119,"Ballon Blanc Blanc Therapy Face Moisturizer Facial Sheet Mask Infused With Aloe, TeaTree, Avocado, V",S$29.00,Rating:(0/5)
120,"ALIVER V Line Mask Chin Up Patch, Lifting Face Neck, Double Chin Reducer, Anti Age Firming Contour T",S$43.00,Rating:(0/5)
121,"Loreal Paris Skincare Age Perfect Rosy Tone Face Mask With Aha  imperial peony for Rosy, Radiant Ski",S$36.00,Rating:(0/5)
122,Men/Women Activated Carbon Dust-proof Cycling Face Mask Anti-Pollution Bicycle Bike Outdoor,S$15.30,Rating:(0/5)
123,"Gropse Miracle V-Shaped Slimming Mask V Line Mask, V Line Mask Neck Mask Face Lift V Lifting Chin Up",S$35.00,Rating:(0/5)
124,"Imagine Dermatology Bubbling Charcoal Clay Face Mask No DEA, No SLES, NO Parabens, Detoxifying, Oxyg",S$35.00,Rating:(0/5)
125,"HAWWWY Matcha Green Tea Face Mask, Hawwwy 3 oz Mud Mask, Ancient Secret to Best Skin Care, Organic J",S$43.00,Rating:(0/5)
126,Principal Secret - Advanced - Rosemary Mint Hydrating Mask - For Face and Body - 90 Day Supply/6 Oun,S$60.00,Rating:(0/5)
127,MELADY Fashion Full-Face Anti Wrinkle Face Slimming Cheek Mask Lift V Face Line Slim (S),S$30.00,Rating:(0/5)
128,Prestige Dead Sea Minerals Face Mask Sheet Facial Nourishing 24K Gold Hyaluronic Acid Booster Dead S,S$43.00,Rating:(0/5)
129,"Madlena Cosmetics Madlena Anti-Aging Firming and Brightening Face Mask - Powerful Anti-Wrinkle, Anti",S$68.00,Rating:(0/5)
130,Cleanazer Volcanic Clay Mask of Azerbaijan -%100 Natural  Organic Face Mask - Best for Facial Healin,S$49.00,Rating:(0/5)
131,shopping 2019 Soft Face Mask Thermal Fleece Balaclava Hood Swat Bike Wind Winter wind-proof and sand,S$13.70,Rating:(0/5)
132,Bamboo Mud Mask Face Skin Care Deep Cleaning Acne Blackhead Treatment Hydrating Moisturizing Facial,S$9.84,Rating:(0/5)
133,1pcs 4D Double V Face Shape Tension Firming Mask Paper Slimming Eliminate Edema Lifting Firming Thin,S$23.80,Rating:(0/5)
134,sale Magic Seamless Bandanas Buffe New Design Cycling Scarf Face Mask Tubular Headband Neck Gaiter W,S$13.70,Rating:(0/5)
135,Winter Warm Face Mask Shield Wrap Scarf Tube Neck Gaiter Cover Dust-proof Bandana Headscarf Windproo,S$16.30,Rating:(0/5)
136,store Skull Design Series Scarf Variety Tube Half Face Mask Halloween Headband Bandana Headwear Bicy,S$13.60,Rating:(0/5)
137,Ange Aile Slimming Face-Lift Bandage Face Lift Up Belt Sleeping Mask Massage Slimming Shaper Relaxat,S$21.60,Rating:(0/5)
138,store Miracle V-Shaped Slimming Mask Lifting Facial Mask Lifting Visage Face Slim Chin Neck Lift Pee,S$11.00,Rating:(0/5)
139,Horse Fly Mask Ear Cover Full Face Armour Mesh Pet Supplies Anti UV Horse Protector Shield Summer Br,S$21.96,Rating:(0/5)
140,[L.A.COLORS] 2 face mask LA color automatic lip color pen open and close type 572dry g (2222),S$45.17,New
141,Glowing mask male children masquerade mask female half face Halloween ghost festival adult party horror props,S$3.20,Rating:(0/5)
142,sale Hair accessories girls cute bow hair band mask face wash makeup hairbands women letter headband,S$12.90,Rating:(0/5)
143,store 1pc Professional Makeup Brushes Face Mask Brush Silicone Gel DIY Cosmetic Beauty Tools Brochas,S$10.90,Rating:(0/5)
144,online Miracle V-Shaped Slimming Mask Lifting Facial Mask Lifting Visage Face Slim Chin Neck Lift Pe,S$11.90,Rating:(0/5)
145,store Skullies Beanies Winter Hats For Women Flecce Face Mask Cap Neck Warmer Wool Knit Hat Set Ski,S$24.00,Rating:(0/5)
146,4D V-shaped Facial Mask Slimming Lifting Face Beauty Makeup Care Tool Face Skin Care Tools Face Slim,S$20.90,Rating:(0/5)
147,ROSOTENA 6g Face Care Black Head Face Mask Facial Blackhead Remover Nose Acne Deep Cleansing Mineral,S$16.80,Rating:(0/5)
148,Air Press Lift Up Belt Face-Lift Mask Massager V-Line Cheek Chin Slimming Belt Face Shaper for Weigh,S$26.40,Rating:(0/5)
149,Women Men Black Mask Carnival Ball Fancy Party Steampunk Face Masque Crystal Rivet Masks Retro Gothi,S$36.20,Rating:(0/5)
150,shop Motorcycle Solid Color Face Windproof Mask Outdoor Sports Warm Ski Caps Bicyle Bike Balaclavas,S$11.70,Rating:(0/5)
151,5pcs Face Lifting Masks Chin Cheek Lifting Beauty V Shaper Face Mask Facial Contours Slimming Face L,S$20.90,Rating:(0/5)
152,wholesale 2019 Soft Face Mask Thermal Fleece Balaclava Hood Swat Bike Wind Winter wind-proof and san,S$13.70,Rating:(0/5)
153,sale off patch Beauty adelgazar Face-lift Mask sauna Tourmaline face massager Magnetic Therapy Massa,S$19.00,Rating:(0/5)
154,good 50Pcs Cartoon Kids Disposable 3 Layer Mouth Face Mask Anti Dust Mouth Mask Non-Woven Medical Ea,S$16.00,Rating:(0/5)
155,wholesale 50pcs Hairdressing Haircut Face Mask Shield Cover Hair Cutting Dyeing Protector with Handl,S$16.90,Rating:(0/5)
156,online 50pcs Hairdressing Haircut Face Mask Shield Cover Hair Cutting Dyeing Protector with Handle P,S$14.90,Rating:(0/5)
157,factory 50pcs Hairdressing Haircut Face Mask Shield Cover Hair Cutting Dyeing Protector with Handle,S$15.90,Rating:(0/5)
158,good 50pcs Hairdressing Haircut Face Mask Shield Cover Hair Cutting Dyeing Protector with Handle Pro,S$16.90,Rating:(0/5)
159,shopping 50pcs Hairdressing Haircut Face Mask Shield Cover Hair Cutting Dyeing Protector with Handle,S$14.90,Rating:(0/5)
160,online AOMU 1PC Vintage Metal Abstract Face Mask Gold Color Brooches Pins Collar For Women Dance Par,S$16.50,Rating:(0/5)
161,WEST BIKING Winter Sport Cycling Cap Bike Full Face Mask Neck Warmer Men Women Scarf Ski Bicycle Mot,S$15.30,Rating:(0/5)
162,store 50pcs Hairdressing Haircut Face Mask Shield Cover Hair Cutting Dyeing Protector with Handle Pr,S$16.90,Rating:(0/5)
163,factory 1pcs Professional Makeup Mask Brush Wooden Handle Facial Face Mud Mask Mixing Brush Cosmetic,S$10.10,Rating:(0/5)
164,sale Cycling Glasses Mountain Bicycle Road With Skull Tactical Face Mask Windproof Goggles Halloween,S$23.30,Rating:(0/5)
165,discount 4 Styles Rhinestone Handle Soft Silicone Mask Brush Face Mud Facial Mask Stirring Mixing Co,S$11.50,Rating:(0/5)
166,outlet BIOAQUA Bamboo Charcoal Black Mask Face Care Deep Cleansing Purifying Blackhead 3 Steps Black,S$19.70,Rating:(0/5)
167,factory 50pcs Hairdressing Haircut Face Mask Shield Cover Hair Cutting Dyeing Protector with Handle,S$16.90,Rating:(0/5)
168,Dead Sea Mud Mask Bentonite Clay Face & Body 8.8 oz-Acne Pore Black Head & Oily Skin (7389),S$82.47,New
169,Koibana [Ampoule Gift] Rose Face Mask + Calendula Sleeping Mask / Pack (7427),S$43.85,New
170,Tamis (18sheets) 1 day 1 pack moisture soothing face mask pack sheet mask pack / pack (2735),S$31.15,New
171,[Head Office] Berry s Face Lapping Peel Off Mask (2ea) (1265),S$43.85,New
172,Tourmaline Gel Gel Magnet Mask Facial Slimming Beauty Massage Face Mask Thin Face Remove Pouch (Colo,S$15.00,Rating:(0/5)
173,authentic 10Pcs IMAGES algae moisturizing facial mask Water tender face film Seaweed face masks Anti,S$20.90,Rating:(0/5)
174,Zhengni Propolis Mask Pack Moisture Wrinkle Whitening Skin Glittery Face Sheet Mask Pa (2511),S$173.67,New
175,shop VIBRANT GLAMOUR 10pcs Olive Plant Face Mask Moisturizing Oil Control Blackhead Remover Mask,S$20.90,Rating:(0/5)
176,"Olay Hydrating Overnight Gel Face Mask with Vitamin E, 1.7 fl oz",S$71.92,Rating:(0/5)
177,laday love 10Pcs/Bag Face Mask Hydrating Moisturizing Brightening Oil Control Acne Skin Care masks,S$28.90,Rating:(0/5)
178,factory 10 Pcs Hyaluronic Acid Face Mask Moisturizing Whitening Depth Replenishment Skin Care Mask H,S$18.80,Rating:(0/5)
179,Boys Girls Mouth Mask PM2.5 Dustproof Cute Cartoon Mouth Cover Face Mouth Mask for Kids,S$45.24,Rating:(0/5)
180,shop Face Mask Slimming Health Care Thin Facial Masseter Double Chin Skin Care Face Bandage Belt,S$13.80,Rating:(0/5)
181,"Peter Thomas Roth Irish Moor Mud Face Mask, 5 Oz",S$77.72,Rating:(0/5)
182,shop Nose Shaper Face Contour Lifting Firming Mask Slimming Thin Face Belt Health Care Facial Belt B,S$13.90,Rating:(0/5)
183,discount Breathable  V Face Chin Cheek Lift Up Mask Slimming Ultra-thin Belt Strap Band,S$15.80,Rating:(0/5)
184,wholesale Bamboo Charcoal  Tear Pull Face Mask Moisturizing Blackhead Removal Face Cream,S$17.10,Rating:(0/5)
185,FNAF Foxy Freddy Clown Sans Mask Horror Animals Elephant Face Masks Halloween Masquerade Party Cospl,S$30.20,Rating:(0/5)
186,sale Facial Thin Face Mask Slimming Bandage Skin Care Belt Shape Lift Reduce Double Chin Face Mask F,S$13.50,Rating:(0/5)
187,1Pcs Health Mask Care Face Slimming Facial Thin Massager Masseter Double Chin Skin Care Thin Face Ba,S$5.60,Rating:(0/5)
188,authentic foreverlily 7 colors LED Facial Mask face mask machine Photon Therapy Light Skin Rejuvenat,S$87.20,Rating:(0/5)
189,2pcs Face Lift Up Belt Reduce Double chin Sleeping Face Lift Mask Massage Slimming Face Shaper Relax,S$14.30,Rating:(0/5)
190,Winter Outdoors Unisex Windproof Ear Flap Trooper Hat Face Mask,S$14.00,New
191,6pcs free ship thermal face mask neck warm face mask ski skate bicycle Skateboard face mask,S$40.80,Rating:(0/5)
192,1pcs face mask 25g Fashion Male Day And Night To Go Pouch Black Rim Firming eye cream (eye cream is,S$5.50,Rating:(0/5)
193,New Arrival 3 Styles Skull Neoprene Half Face Mouth Mask Ski Snowboard Motorcycle Biker Sport Protec,S$12.60,Rating:(0/5)
194,BENICE Skiing Cycling Face Mask Warm Protection Triangular Scarf,S$19.00,New
195,Sispop Face Mask Machine Automatic Fruit Facial Mask Maker DIY Natural Vegetable Mask With Collagen,S$106.50,Rating:(0/5)
196,NUCKILY Multifunctional Winter Windproof Fleece Outdoor Cycling Hat Face Mask Neck Warmer,S$13.00,Rating:(0/5)
197,factory Animal Ear Balaclava Full Face Mask Bicycle Snowboard Hats Winter Warmer Costume Helmet Hood,S$22.30,Rating:(0/5)
198,"Bamboo Charcoal Face Mud Mask with Jojoba Oil, Vitamin C, MSM & Kelp. BLACK MAGIC by HALO BEAUTY....",S$35.48,Rating:(0/5)
199,SEPHORA COLLECTION Face Mask Pomegranate,S$34.20,Rating:(0/5)
200,12 Sheet Brightening Facial Mask Sheet-MoisturizingHydrating Face Masks-Collagen Essence Skin Care,S$18.49,Rating:(0/5)
201,store patch Beauty adelgazar Face-lift Mask sauna Tourmaline face massager Magnetic Therapy Massage,S$17.00,Rating:(0/5)
202,Face Mask Tactical Helmet Masksunglas,S$80.00,Rating:(0/5)
203,patch Beauty adelgazar Face-lift Mask sauna Tourmaline face massager Magnetic Therapy Massage Anti-W,S$20.00,Rating:(0/5)
204,"Advanced Clinicals Power Quad Face Masks Charcoal Mask, Vitamin C Mask, Collagen Mask, Hyaluronic...",S$52.43,Rating:(0/5)
205,SMACO M2069 Full Face Snorkeling Scuba Diving Mask with Water Resistant Ear Plug for Action Camera,S$36.00,New
206,doubleK Earloop Face Masks Assorted Colors 50 Fluid Resistant Masks (Yellow),S$55.00,Rating:(0/5)
207,"[sb]Professional Ceramic Hair Straightener Brush and Face Mask Brush Fast Detangling Electric Comb,",S$64.40,Rating:(0/5)
208,Universal Hygiene Eye pad Face Mask For HTC Vive For Sony PS4 VR For Oculus For Samsung,S$28.80,Rating:(0/5)
209,Face Blackhead Remover Mask Deep Cleansing Purifying the Black Head  Treatments Masks Facial Skin Ca,S$7.18,Rating:(0/5)
210,Windproof Anti Dust Warmer Full Face Mask Outdoor Sports Motorcycle Bicycle Cycling Bike Riding Ski,S$21.60,Rating:(0/5)
211,Face Care Suction Black Nose Blackhead Remover Facial Mask,S$16.00,Rating:(0/5)
212,good Skull Design Series Scarf Variety Tube Half Face Mask Halloween Headband Bandana Headwear Bicyc,S$13.60,Rating:(0/5)
213,ジャパンギャルズ Natural Pearl mask 42 pieces [face mask],S$24.90,Rating:(0/5)
214,Ange Aile Slimming Face-Lift Bandage Face Lift Up Belt Sleeping Mask Massage Slimming Shaper Relaxat,S$21.01,Rating:(0/5)
215,6in1 DIY Facial Face Mask Tool Set Mixing Bowl Brush Spoon Gauge Stick Multi Color,S$13.60,Rating:(0/5)
216,"Minimo Flawless Acne-Fighting Charcoal Facial Scrub and Face Mask, Exfoliator, Microdermibrasion,...",S$48.00,Rating:(0/5)
217,shop 1pc Professional Makeup Brushes Face Mask Brush Silicone Gel DIY Cosmetic Beauty Tools Brochas,S$10.90,Rating:(0/5)
218,Latex Full Face Scary Toothy Clown Mask Horror Creepy Cosplay Mask with Elastic Strap for Halloween,S$21.90,Rating:(1/5)
219,Hair accessories girls cute bow hair band mask face wash makeup hairbands women letter headbands,S$13.90,Rating:(0/5)
220,Adult Full Face Latex Halloween Party Horse Head Mask Cosplay Masks Halloween Party Supplies Festive,S$39.12,Rating:(0/5)
221,BIKIGHT Full Face Mask Cap Sun-protection Bike Tactical Balaclava Sun Care Headscarf,S$106.00,Rating:(0/5)
222,anti pollution face mask cycling skiing running anti smog sport masks bike bicycle riding activated,S$18.51,Rating:(0/5)
223,1pcs V Face Chin Cheek Slim Slimming Thin Mask Anti Wrinkle Half Lift Belt Band Strap,S$8.50,Rating:(0/5)
224,new 3 in 1 Men Women Unisex Polar Neck Warmer Face Mask Winter bonnet Beanie Keep warm Winter Infini,S$11.50,Rating:(0/5)
225,2018 New Deadpool Mask Balaclava Halloween Hood Cosplay Full Face Latex Mask,S$41.00,Rating:(0/5)
226,Face Lift Up Belt Sleeping Face-Lift Mask Massage Slimming Face Shaper Relaxation Facial Health Care,S$18.40,Rating:(0/5)
227,outlet 1pc Professional Makeup Brushes Face Mask Brush Silicone Gel DIY Cosmetic Beauty Tools Brocha,S$10.90,Rating:(0/5)
228,Women Trendy Cotton Face Masks Pattern Solid Black Mask Fashion Cute Half Face Mouth Muffle for Wint,S$11.50,Rating:(0/5)
229,6 Pcs/ 3 Set Women Plastic DIY Face Mask Tool Set Bowl Stick Brush Spoon Skin Care Color Random,S$12.00,Rating:(0/5)
230,2 in1 Winter Warmer Skull Half Face Mask Reversible Neoprene Cycling Skiing Hiking Hunting Unisex,S$9.50,Rating:(0/5)
231,new AOMU 1PC Vintage Metal Abstract Face Mask Gold Color Brooches Pins Collar For Women Dance Party,S$13.50,Rating:(0/5)
232,wholesale 3D Seamless Animal Neck Warmer Tube Half Face Mask Halloween Headband Bandana Headwear Bic,S$14.40,Rating:(0/5)
233,Anti industrial conatruction Dust 1pc 1211 Half Face Gas Mask +Free 2pc1701 Filter cotton Profession,S$16.16,Rating:(0/5)
234,20pcs/pack Compression Face Mask Natural Beauty Health Skin Care DIY Cotton Moisturizing Whitening M,S$3.98,Rating:(0/5)
235,7 Colors Light LED Facial Mask With Neck Skin Rejuvenation Face Care Treatment Beauty Anti Acne Ther,S$110.10,Rating:(0/5)
236,Remove Yellow Mask Skin Care Acne Scars Remove Face Mask Blackhead Treatment Mask Whitening Moisturi,S$34.68,Rating:(0/5)
237,10PCS Suction Black Mask Good Blackhead Removal Mask Effective Full Face Blackhead Treatments Clear,S$7.88,Rating:(0/5)
238,Green Tea Face Mask Acne Treatment / Whitening/Moisturizing/Shrink Pores/Remove Blackhead  Skin Care,S$23.96,Rating:(0/5)
239,Tcare 3Pcs/Lot Anti Dust Face Mouth Cover PM2.5 Mask Respirator - Dustproof Anti-bacterial Washable,S$13.99,Rating:(2/5)
240,"WSTOO Full Face Snorkel Mask for Kids,Advanced Safety Breathing System Allows You to Breathe More Fr",S$82.00,Rating:(0/5)
241,Health Care Thin Face Mask Slimming Facial Thin Masseter Anti Wrinkle Ultra Beauty V Line Chin Face,S$9.70,Rating:(0/5)
242,Health Care Face Lift Up Belt Thin Face Mask Slimming Facial Thin Masseter Double Chin Skin Care Thi,S$5.58,Rating:(0/5)
243,"Korean paparecipe, spring rain jelly pudding sleeping mask, face cream, sensitive muscle, pregnant w",S$71.50,Rating:(0/5)
244,store 1Pcs Facial Mask Brush Mud Mask Brush Tool Women Face Skin Care Brush Beauty Makeup Cosmetics,S$11.60,Rating:(0/5)
245,Black Mud Deep Cleansing Purifying Peel Off Facail Face Mask,S$17.00,Rating:(0/5)
246,Wrinkle V Face Chin Cheek Lift Up Slimming Slim Mask Ultra-thin Belt Strap Band,S$12.00,Rating:(0/5)
247,WoSporT Warrior Shaped Iron Half Face Mask Solid Color Module Mask,S$41.00,Rating:(0/5)
248,Tactical Mask Iron Warrior Self-defense Adjustable Fast Half Face Mask,S$51.00,Rating:(0/5)
249,(Sano Naturals) Korean Face Mask Korean Skin Care - Sano Silk Mask - Best Selling Korean Products...,S$40.58,Rating:(0/5)
250,5 Bags Gold Collagen Facial Mask Face Crystal Jelly Masks,S$24.80,Rating:(0/5)
251,(MY LITTLE BEAUTY) MY LITTLE BEAUTY 100ml Dead Sea Mud Mask For Face 100% Natural Oily Skin & Bla...,S$62.99,Rating:(0/5)
252,Korean hair accessories headband female face makeup headband mask headband cute velvet antlers hair,S$18.80,Rating:(0/5)
253,Sunscreen mask UV neck female summer cover face with thin air outdoor riding visor increase male,S$19.72,Rating:(1/5)
254,NEW Ski Snowboard Motorcycle Bicycle Winter Sport Face Mask Neck Warmer Warm,S$11.00,Rating:(0/5)
255,Tinksky Barber Salon Hairdressing Hairspray Mask Shield Face Eyes Protector (Blue),S$24.20,Rating:(0/5)
256,Versatile Polyester Fleece Beanies Skiing Hats Caps Face Mask Scarf Black,S$23.20,Rating:(0/5)
257,Balaclava Face Mask?? Winter Fleece Windproof Ski Mask for Men and Women?? Army Green?? One Size B01,S$51.70,Rating:(0/5)
258,Thin face artifact 3D face-lift with bandages to sleep face-mask v face double chin face lift firmin,S$18.88,Rating:(0/5)
259,(Qf) Scary Kids Face Latex Clown Mask Halloween Fancy Party Costumes Dress Props-,S$41.11,Rating:(0/5)
260,(Zeckos) Metallic Crow Skull Half Face Steampunk Bird Mask-M39291,S$77.04,Rating:(0/5)
261,(Ghoulish Masks) Pretty Woman Half Face Halloween Mask-,S$84.49,Rating:(0/5)
262,Thin face artifact v face bandaged face mask face facial massage Chin face-face instrument face mach,S$15.74,Rating:(0/5)
263,(Impresa Products) Foam Gun and Blaster Face Mask / Goggles / Eye Shield (1 Blue Mask) - Perfect...,S$40.34,Rating:(0/5)
264,(SeHOON) SeHOON Silicone Moisturizing Face Mask for Sheet Mask Holder-,S$33.12,Rating:(0/5)
265,"(Passport to Organics) Pumpkin Peel Face Mask - Organic - Smells like fresh pumpkin - Peels, Exfo...",S$89.04,Rating:(0/5)
266,"(ALIVER) ALIVER Mineral Magnetic Sea Mud Face Mask Deep Skin Cleanser,Pore Reducer & Help Clean A...",S$49.09,Rating:(0/5)
267,"(YASHALY) Paintball Mask,YASHALY Adjustable Transformers Leader Mask Full Face Tactical Gear with...",S$67.06,Rating:(0/5)
268,(ELECSUM) ELECSUM Airsoft Half Face Mask With Wire Mesh Tan-,S$28.93,Rating:(0/5)
269,"(Cosmask) Half Face TPU Zombie Skull Airsoft Mask for Airsoft / BB / Paintball Gun,CS Game,Cospla...",S$36.92,Rating:(0/5)
270,(TOOGOO(R)) TOOGOO(R) Yellow Airsoft Paintball Hunting Half Face Tactical Mask Steel Mesh-,S$30.17,Rating:(0/5)
271,"(Dseap) Tactical Balaclava Hood, Skiing Face Mask, Thin / Breathable / Cold Weather / Lightweight...",S$33.12,Rating:(0/5)
272,(TECH-P) Tech-P Jason Mask Airsoft CS Wargame Face Guard Protective Masks Cosplay Masquerade Mask...,S$57.08,Rating:(0/5)
273,"(McDonald s) McDonalds - ZOO FACE (Mask) - Tiger, 1988-",S$19.15,Rating:(0/5)
274,Snorkelling Scuba Diving Mask Goggles Swimming Face Mask with Bracket Mount for GoPro Hero 4 3+ 3 2,S$42.50,Rating:(0/5)
275,Plastic Protective Mask Against Droplets Anti-fog Isolation Face Mask Breathable Reusable Protective,S$22.00,Rating:(0/5)
276,Peel Off Gold Collagen 120ML Face Mask Crystal Gold Powder Collagen Facial Mask Skin Care,S$15.99,Rating:(0/5)
277,50PCS Face Mask Disposable Anti PM2.5 Anti Particle Mask Breathable Dustproof Mouth Mask,S$56.00,Rating:(0/5)
278,FFP2 KN95 Safety Face Mask 4 layer Anti Droplet Particle Pollen Dust-proof Protect Respiratory Tract,S$73.00,Rating:(0/5)
279,7 Colors LED Light Photon Face Mask Neck Facial Skin Rejuvenation Therapy Anti-wrinkle Device,S$83.00,Rating:(0/5)
280,New 6 in1 Makeup Beauty DIY Facial Face Mask Bowl Brush Spoon Stick Tool Set,S$18.70,Rating:(0/5)
281,One Leaf Brand Cherry Tender Repair Mask Face Sking Care Facial fragrance Mask Ageless Anti acne Wri,S$52.80,Rating:(0/5)
282,Outdoor Cycling Skull Mask CS Game Face Guard Riding Headgear,S$20.00,Rating:(0/5)
283,and wind cos half-face cat full face cat mask anime Fox dark cosplay Prom Mask QQG-899,S$11.72,Rating:(0/5)
284,Neck Warm Face Mask Veil Guard Sport Snow Bike Black,S$10.99,Rating:(0/5)
285,iphone 7 Plus Wireless Bone Conduction Headphone Earphone face Mask Anti Dust Stereo Music Headphone Handfree Headset Bone Conduction,S$139.90,Rating:(0/5)
286,Leaders Mediu Amino Moisture Masks Facial Face Skincare Moisturizing 10 Sheets,S$25.00,Rating:(0/5)
287,50PCS Disposable Face Mask 3 Layers Elastic Earloop Medical Protective Mask for Germs Haze Smoke,S$44.10,Rating:(0/5)
288,WOSAWE BC300 Ultra Thin Ski CS Face Mask Hood Helmet Balaclava Hat Headwear For Motor Bike Anti UV Quick Dry Cycling Cap,S$18.99,Rating:(0/5)
289,Emall Unisex Outdoor Motorcycle Full Face Mask Lycra Balaclava Ski Neck Protection Blue,S$28.30,Rating:(0/5)
290,Skull Neoprene Half Face Mask (Black),S$23.40,Rating:(0/5)
291,Sand & Sky Australian Emu Apple Super Bounce Face Mask. Hydrating and Moisturizing Face Mask,S$124.00,Rating:(0/5)
292,40pcs adult halloween christmas venetian mask terrorist agents V face luminous mask party bar face mask cosplay props,S$104.54,Rating:(0/5)
293,Small v face mask female pull tight hanging ear-style small face thin face god machine Zhang Yi shil,S$14.50,Rating:(0/5)
294,5 pcs Gold Bio-Collagen Facial Mask Face Mask Crystal Gold Powder Collagen Facial Mask-x,S$4.89,Rating:(0/5)
295,5pcs bike bicycle motorcycle Ghost biker skull hood face mask ski balaclava CS Sport helmet snood hat scarf cap neck Ghost Scarf,S$28.76,Rating:(1/5)
296,Hot New Powerful Facial Slimming Mask Face-lift Bandage Skin Care Tools Device Belt Shape And Lift Reduce Double Chin Face Mask,S$23.61,Rating:(0/5)
297,2020 disposable mask linen mask face protection film mask cotton mask,S$37.42,Rating:(0/5)
298,Womens outdoor anti-ultraviolet cover full face sunscreen mask breathable shade thin mask,S$36.90,Rating:(0/5)
299,Hair band female headwear face wash mask makeup hair band simple hair hoop headband cute girl heart headband tied,S$9.90,New
300,BEFACER PDT LED Mask Face Beauty Machine Facial Care Instrument Skin Whitening,S$116.07,Rating:(0/5)
301,Hanasui Naturgo BPOM (mud face mask / BPOM mud mask) Home SJ0520,S$0.24,New
302,UV guard soft face mask black · 17555,S$21.30,Rating:(3/5)
303,V face thin face bandage face mask face mask face thin face tool,S$40.20,Rating:(0/5)
